Name,Position,Birthdate,Height,Foot,ContractBegin,ContractEnd,Value,Club,Club_Number,Age,Season
Marwin Hitz,Goalkeeper,1987-09-18,"1,94m",right,"Jul 1, 2022","Jun 30, 2025",0.2,FC Basel 1893,26,36,2023_2024
Mirko Salvi,Goalkeeper,1994-02-14,"1,88m",right,"Jul 1, 2022","Jun 30, 2024",0.1,FC Basel 1893,26,30,2023_2024
Nils de Mol ,Goalkeeper,2001-05-03,"1,83m",right,"Jul 1, 2022","Jun 30, 2024",0.1,FC Basel 1893,26,22,2023_2024
Adrian Leon Barisic ,Centre-Back,2001-07-19,"1,92m",right,"Aug 18, 2023","Jun 30, 2027",2.0,FC Basel 1893,26,22,2023_2024
Nicolas Vouilloz,Centre-Back,2001-05-11,"1,84m",right,"Jan 5, 2024","Jun 30, 2028",1.9,FC Basel 1893,26,22,2023_2024
Arnau Comas ,Centre-Back,2000-04-11,"1,91m",right,"Jul 1, 2022","Jun 30, 2026",1.0,FC Basel 1893,26,23,2023_2024
Finn van Breemen,Centre-Back,2003-02-25,"1,93m",left,"Jul 1, 2023","Jun 30, 2027",1.0,FC Basel 1893,26,21,2023_2024
Marvin Akahomen,Centre-Back,2007-07-15,"1,86m",left,"Mar 14, 2024","Dec 31, 2026",0.3,FC Basel 1893,26,16,2023_2024
Jonas Adjetey,Centre-Back,2003-12-13,"1,88m",right,"Aug 3, 2022",-,0.2,FC Basel 1893,26,20,2023_2024
Dominik Schmid,Left-Back,1998-03-10,"1,82m",left,"Jul 20, 2023","Jun 30, 2026",2.0,FC Basel 1893,26,26,2023_2024
Hugo Vogel,Left-Back,2004-01-04,"1,77m",left,"Jul 1, 2022","Jun 30, 2026",0.2,FC Basel 1893,26,20,2023_2024
Sergio López ,Right-Back,1999-04-08,"1,79m",right,"Jul 1, 2021","Jun 30, 2024",1.0,FC Basel 1893,26,24,2023_2024
Mohamed Dräger ,Right-Back,1996-06-25,"1,81m",right,"Aug 25, 2023","Jun 30, 2026",0.6,FC Basel 1893,26,27,2023_2024
Kevin Rüegg,Right-Back,1998-08-05,"1,73m",right,"Sep 6, 2023","Jun 30, 2024",0.5,FC Basel 1893,26,25,2023_2024
Michael Lang,Right-Back,1991-02-08,"1,85m",right,"Jul 19, 2021","Jun 30, 2025",0.1,FC Basel 1893,26,33,2023_2024
Renato Veiga ,Defensive Midfield,2003-07-29,"1,90m",left,"Aug 28, 2023","Jun 30, 2027",3.0,FC Basel 1893,26,20,2023_2024
Leon Avdullahu,Defensive Midfield,2004-02-23,"1,85m",right,"Jul 21, 2023","Jun 30, 2028",2.0,FC Basel 1893,26,20,2023_2024
Taulant Xhaka,Defensive Midfield,1991-03-28,"1,72m",right,"Jul 1, 2010","Jun 30, 2027",0.2,FC Basel 1893,26,33,2023_2024
Fabian Frei ,Defensive Midfield,1989-01-08,"1,83m",right,"Jan 1, 2018","Jun 30, 2024",0.1,FC Basel 1893,26,35,2023_2024
Gabriel Sigua,Central Midfield,2005-06-30,"1,90m",right,"Jul 25, 2023","Jun 30, 2028",2.5,FC Basel 1893,26,18,2023_2024
Emmanuel Essiam ,Central Midfield,2003-12-19,"1,83m",right,"Jan 3, 2022","Jun 30, 2026",0.8,FC Basel 1893,26,20,2023_2024
Benjamin Kololli ,Left Midfield,1992-05-15,"1,84m",right,"Jan 1, 2024","Jun 30, 2025",0.2,FC Basel 1893,26,31,2023_2024
Dion Kacuri,Attacking Midfield,2004-02-11,"1,88m",left,"Feb 7, 2024","Jun 30, 2028",1.0,FC Basel 1893,26,20,2023_2024
Adriano Onyegbule,Attacking Midfield,2006-06-23,"1,84m",right,"Jul 1, 2022","Jun 30, 2025",0.5,FC Basel 1893,26,17,2023_2024
Anton Kade,Left Winger,2004-01-17,"1,85m",right,"Jul 1, 2022","Jun 30, 2026",1.2,FC Basel 1893,26,20,2023_2024
Junior Zé,Left Winger,2006-03-22,"1,78m",right,"Jul 21, 2023",-,0.7,FC Basel 1893,26,18,2023_2024
Juan Carlos Gauto,Right Winger,2004-06-02,"1,72m",right,"Aug 28, 2023","Jun 30, 2028",3.2,FC Basel 1893,26,19,2023_2024
Yusuf Demir ,Right Winger,2003-06-02,"1,71m",left,"Aug 16, 2023","Jun 30, 2024",3.0,FC Basel 1893,26,20,2023_2024
Axel Kayombo,Right Winger,2006-02-25,"1,86m",right,"Jul 21, 2023","Jun 30, 2025",0.15,FC Basel 1893,26,18,2023_2024
Thierno Barry,Centre-Forward,2002-10-21,"1,95m",right,"Jul 3, 2023","Jun 30, 2027",2.5,FC Basel 1893,26,21,2023_2024
Djordje Jovanovic ,Centre-Forward,1999-02-15,"1,87m",right,"Aug 17, 2023","Jun 30, 2027",2.0,FC Basel 1893,26,25,2023_2024
Maurice Malone,Centre-Forward,2000-08-17,"1,87m",left,"Aug 11, 2023","Jun 30, 2027",1.5,FC Basel 1893,26,23,2023_2024
Roméo Beney,Centre-Forward,2005-01-19,"1,87m", ,"Jan 9, 2024","Jun 30, 2027",0.7,FC Basel 1893,26,19,2023_2024
Jean-Kévin Augustin,Centre-Forward,1997-06-16,"1,79m",right,"Jul 1, 2022","Jun 30, 2025",0.5,FC Basel 1893,26,26,2023_2024
Albian Ajeti ,Centre-Forward,1997-02-26,"1,81m",right,"Feb 1, 2024","Jun 30, 2025",0.5,FC Basel 1893,26,27,2023_2024
Andrin Hunziker ,Centre-Forward,2003-02-21,"1,92m",right,"Jul 1, 2021","Jun 30, 2026",0.4,FC Basel 1893,26,21,2023_2024
Joël Mall,Goalkeeper,1991-04-05,"1,97m",right,"Jul 1, 2023","Jun 30, 2025",0.5,Servette FC,61,33,2023_2024
Jérémy Frick,Goalkeeper,1993-03-08,"1,92m",left,"Jul 1, 2016","Jun 30, 2027",0.5,Servette FC,61,31,2023_2024
Léo Besson,Goalkeeper,2002-10-27,"1,87m",right,"Apr 8, 2023","Jun 30, 2026",0.1,Servette FC,61,21,2023_2024
Yoan Severin,Centre-Back,1997-01-24,"1,86m",left,"Jul 17, 2018","Jun 30, 2026",1.5,Servette FC,61,27,2023_2024
Dylan Bronn,Centre-Back,1995-06-19,"1,86m",right,"Feb 15, 2024","Jun 30, 2024",1.5,Servette FC,61,28,2023_2024
Omar Rekik ,Centre-Back,2001-12-20,"1,88m",right,"Feb 1, 2024","Jun 30, 2024",0.5,Servette FC,61,22,2023_2024
Jérôme Onguéné,Centre-Back,1997-12-22,"1,86m",right,"Aug 4, 2023","Jun 30, 2024",0.5,Servette FC,61,26,2023_2024
Anthony Baron ,Centre-Back,1992-12-29,"1,80m",left,"Jul 20, 2022","Jun 30, 2024",0.3,Servette FC,61,31,2023_2024
Steve Rouiller ,Centre-Back,1990-07-10,"1,83m",right,"Jul 1, 2018","Jun 30, 2025",0.2,Servette FC,61,33,2023_2024
Bradley Mazikou,Left-Back,1996-06-02,"1,72m",right,"Jul 1, 2023","Jun 30, 2025",1.4,Servette FC,61,27,2023_2024
Valton Behrami,Left-Back,2004-03-16,"1,82m",left,"Oct 31, 2022","Jun 30, 2025",0.1,Servette FC,61,20,2023_2024
Keigo Tsunemoto,Right-Back,1998-10-21,"1,73m",right,"Jul 15, 2023","Jun 30, 2026",2.0,Servette FC,61,25,2023_2024
Théo Magnin,Right-Back,2003-08-09,"1,71m",right,"Feb 23, 2021","Jun 30, 2024",0.5,Servette FC,61,20,2023_2024
Issa Kaloga,Right-Back,2004-02-27,"1,82m",right,"Jul 1, 2023","Jun 30, 2026",0.2,Servette FC,61,20,2023_2024
Gaël Ondoua,Defensive Midfield,1995-11-04,"1,87m",left,"Jul 20, 2023","Jun 30, 2025",0.9,Servette FC,61,28,2023_2024
David Douline,Defensive Midfield,1993-05-28,"1,81m",right,"Jul 1, 2021","Jun 30, 2025",0.7,Servette FC,61,30,2023_2024
Timothé Cognat,Central Midfield,1998-01-25,"1,73m",right,"Jul 1, 2019","Jun 30, 2026",3.5,Servette FC,61,26,2023_2024
Samba Diba,Central Midfield,2003-12-24,"1,90m",right,"Jul 1, 2022","Jun 30, 2025",0.5,Servette FC,61,20,2023_2024
Bendegúz Bolla,Right Midfield,1999-11-22,"1,79m",right,"Aug 29, 2023","Jun 30, 2024",2.1,Servette FC,61,24,2023_2024
Alexis Antunes,Attacking Midfield,2000-07-31,"1,81m",right,"Jul 1, 2017","Jun 30, 2026",2.3,Servette FC,61,23,2023_2024
Dereck Kutesa,Left Winger,1997-12-06,"1,77m",right,"Aug 30, 2022","Jun 30, 2025",2.0,Servette FC,61,26,2023_2024
Tiemoko Ouattara,Left Winger,2005-05-25,"1,78m",right,"Jul 1, 2023","Jun 30, 2027",0.3,Servette FC,61,18,2023_2024
Miroslav Stevanovic,Right Winger,1990-07-29,"1,80m",right,"Jul 24, 2017","Jun 30, 2025",0.8,Servette FC,61,33,2023_2024
Alexander Lyng,Right Winger,2004-11-26,"1,77m",right,"Jul 1, 2023","Jun 30, 2026",0.5,Servette FC,61,19,2023_2024
Takuma Nishimura,Second Striker,1996-10-22,"1,78m",right,"Feb 10, 2024","Jun 30, 2024",1.2,Servette FC,61,27,2023_2024
Jérémy Guillemenot,Centre-Forward,1998-01-06,"1,84m",right,"Jul 1, 2023","Jun 30, 2026",1.0,Servette FC,61,26,2023_2024
Enzo Crivelli,Centre-Forward,1995-02-06,"1,84m",right,"Aug 30, 2022","Jun 30, 2025",0.9,Servette FC,61,29,2023_2024
Bassirou N'Diaye ,Centre-Forward,2002-02-15,"1,81m",right,"Feb 2, 2024","Jun 30, 2024",0.3,Servette FC,61,22,2023_2024
Alexandre Patrício,Centre-Forward,2004-02-17,"1,79m",right,"Aug 26, 2022","Jun 30, 2025",0.1,Servette FC,61,20,2023_2024
Anthony Racioppi,Goalkeeper,1998-12-31,"1,89m",right,"Jan 10, 2022","Jun 30, 2025",1.7,BSC Young Boys,452,25,2023_2024
David von Ballmoos,Goalkeeper,1994-12-30,"1,92m",right,"Jul 1, 2013","Jun 30, 2025",1.5,BSC Young Boys,452,29,2023_2024
Dario Marzino,Goalkeeper,1996-09-19,"1,84m",right,"Jul 8, 2022","Jun 30, 2024",0.1,BSC Young Boys,452,27,2023_2024
Aurèle Amenda,Centre-Back,2003-07-31,"1,97m",right,"Jan 25, 2024","Jun 30, 2024",8.0,BSC Young Boys,452,20,2023_2024
Mohamed Camara,Centre-Back,1997-08-28,"1,93m",right,"Jul 6, 2018","Jun 30, 2026",3.5,BSC Young Boys,452,26,2023_2024
Anel Husic,Centre-Back,2001-03-01,"1,86m",left,"Feb 15, 2024","Jun 30, 2027",0.8,BSC Young Boys,452,23,2023_2024
Loris Benito ,Centre-Back,1992-01-07,"1,86m",left,"Jul 4, 2022","Jun 30, 2025",0.2,BSC Young Boys,452,32,2023_2024
Fabian Lustenberger  ,Centre-Back,1988-05-02,"1,82m",right,"Jul 1, 2019","Jun 30, 2024",0.1,BSC Young Boys,452,35,2023_2024
Jaouen Hadjam,Left-Back,2003-03-26,"1,85m",left,"Jan 19, 2024","Jun 30, 2028",1.5,BSC Young Boys,452,21,2023_2024
Noah Persson,Left-Back,2003-07-16,"1,84m",left,"Feb 7, 2023","Jun 30, 2027",1.2,BSC Young Boys,452,20,2023_2024
Lewin Blum,Right-Back,2001-07-27,"1,81m",right,"Jul 1, 2021","Jun 30, 2027",2.5,BSC Young Boys,452,22,2023_2024
Saidy Janko,Right-Back,1995-10-22,"1,81m",right,"Jul 1, 2023","Jun 30, 2027",0.8,BSC Young Boys,452,28,2023_2024
Cheikh Niasse,Defensive Midfield,2000-01-19,"1,88m",right,"Feb 3, 2022","Jun 30, 2026",3.5,BSC Young Boys,452,24,2023_2024
Sandro Lauper,Defensive Midfield,1996-10-25,"1,85m",right,"Jul 1, 2018","Jun 30, 2025",1.0,BSC Young Boys,452,27,2023_2024
Lukasz Lakomy,Central Midfield,2001-01-18,"1,81m",left,"Jul 1, 2023","Jun 30, 2028",2.0,BSC Young Boys,452,23,2023_2024
Darian Males,Right Midfield,2001-05-03,"1,88m",left,"Jul 19, 2023","Jun 30, 2027",3.7,BSC Young Boys,452,22,2023_2024
Filip Ugrinic ,Left Midfield,1999-01-05,"1,84m",right,"Jul 1, 2022","Jun 30, 2026",5.5,BSC Young Boys,452,25,2023_2024
Kastriot Imeri ,Left Midfield,2000-06-27,"1,78m",right,"Aug 16, 2022","Jun 30, 2026",4.0,BSC Young Boys,452,23,2023_2024
Joel Mvuka,Right Winger,2002-11-12,"1,76m",right,"Jan 20, 2024","Jun 30, 2024",4.0,BSC Young Boys,452,21,2023_2024
Ebrima Colley,Right Winger,2000-02-01,"1,80m",right,"Sep 1, 2023","Jun 30, 2024",2.6,BSC Young Boys,452,24,2023_2024
Malik Deme,Right Winger,2005-03-16,"1,82m",right,"Jul 1, 2023","Jun 30, 2027",0.4,BSC Young Boys,452,19,2023_2024
Meschack Elia,Centre-Forward,1997-08-06,"1,73m",right,"Feb 14, 2020","Jun 30, 2026",8.0,BSC Young Boys,452,26,2023_2024
Cedric Itten,Centre-Forward,1996-12-27,"1,90m",right,"Jul 1, 2022","Jun 30, 2027",3.0,BSC Young Boys,452,27,2023_2024
Joël Monteiro,Centre-Forward,1999-08-05,"1,91m",right,"Mar 1, 2021","Jun 30, 2026",3.0,BSC Young Boys,452,24,2023_2024
Silvere Ganvoula,Centre-Forward,1996-06-29,"1,91m",right,"Jul 1, 2023","Jun 30, 2026",0.6,BSC Young Boys,452,27,2023_2024
Amir Saipi,Goalkeeper,2000-07-08,"1,94m",right,"Sep 10, 2021","Jun 30, 2026",2.5,FC Lugano,2790,23,2023_2024
Serif Berbic,Goalkeeper,2001-11-25,"1,94m",right,"Aug 4, 2022","Jun 30, 2026",0.1,FC Lugano,2790,22,2023_2024
Fotis Pseftis,Goalkeeper,2003-01-19,"1,91m",right,"Jul 11, 2023","Jun 30, 2025",0.1,FC Lugano,2790,21,2023_2024
Sebastian Osigwe,Goalkeeper,1994-03-26,"1,85m",right,"Aug 20, 2020","Jun 30, 2026",0.1,FC Lugano,2790,30,2023_2024
Albian Hajdari,Centre-Back,2003-05-18,"1,89m",left,"Apr 1, 2023","Jun 30, 2027",2.5,FC Lugano,2790,20,2023_2024
Lukas Mai,Centre-Back,2000-03-31,"1,88m",right,"Jul 1, 2022","Jun 30, 2025",2.5,FC Lugano,2790,24,2023_2024
Kreshnik Hajrizi ,Centre-Back,1999-05-28,"1,85m",right,"Jul 1, 2021","Jun 30, 2024",1.2,FC Lugano,2790,24,2023_2024
Ayman El Wafi,Centre-Back,2004-05-11,"1,89m",right,"Jul 1, 2023","Jun 30, 2027",1.0,FC Lugano,2790,19,2023_2024
Leonid Srdic,Centre-Back,2002-01-23,"1,85m",right,"Jul 27, 2021","Jun 30, 2024",0.1,FC Lugano,2790,22,2023_2024
Noah De Queiroz,Centre-Back,2002-12-10,"1,82m",right,,"Jun 30, 2024",0.1,FC Lugano,2790,21,2023_2024
Martim Marques,Left-Back,2004-02-11,"1,73m",left,"Jul 1, 2023","Jun 30, 2027",1.5,FC Lugano,2790,20,2023_2024
Milton Valenzuela ,Left-Back,1998-08-13,"1,70m",left,"Jan 30, 2022","Jun 30, 2025",1.2,FC Lugano,2790,25,2023_2024
Jhon Espinoza,Right-Back,1999-02-24,"1,80m",right,"Jan 1, 2023","Jun 30, 2024",0.8,FC Lugano,2790,25,2023_2024
Justin Reynolds,Right-Back,2004-04-08,"1,78m",right,"Mar 12, 2024","Jun 30, 2024",0.1,FC Lugano,2790,19,2023_2024
Mohamed Belhadj Mahmoud ,Defensive Midfield,2000-04-24,"1,79m",right,"Aug 25, 2021","Jun 30, 2026",2.0,FC Lugano,2790,23,2023_2024
Ousmane Doumbia,Defensive Midfield,1992-05-21,"1,74m",right,"Jul 1, 2022","Jun 30, 2026",0.8,FC Lugano,2790,31,2023_2024
Ilija Maslarov,Defensive Midfield,2007-01-02,"1,81m",right,,"Jun 30, 2024",0.2,FC Lugano,2790,17,2023_2024
Johan Nkama,Defensive Midfield,1998-01-07,"1,89m",left,"Jul 1, 2017","Jun 30, 2025",0.1,FC Lugano,2790,26,2023_2024
Uran Bislimi ,Central Midfield,1999-09-25,"1,83m",right,"Jul 19, 2022","Jun 30, 2026",2.2,FC Lugano,2790,24,2023_2024
Roman Macek,Central Midfield,1997-04-18,"1,88m",right,"Jan 27, 2019","Jun 30, 2025",0.8,FC Lugano,2790,26,2023_2024
Anto Grgic,Central Midfield,1996-11-28,"1,89m",right,"Jul 1, 2023","Jun 30, 2027",0.8,FC Lugano,2790,27,2023_2024
Jonathan Sabbatini ,Central Midfield,1988-03-31,"1,75m",right,"Aug 27, 2012","Jun 30, 2024",0.1,FC Lugano,2790,36,2023_2024
Abel Marc,Central Midfield,2001-04-19,"1,72m",right,"Jul 15, 2021","Jun 30, 2024",0.1,FC Lugano,2790,22,2023_2024
Gianluca Pizzagalli,Right Midfield,2003-03-10,"1,77m",right,,"Jun 30, 2024",0.1,FC Lugano,2790,21,2023_2024
Yanis Cimignani,Left Midfield,2002-01-22,"1,76m",left,"Jul 1, 2023","Jun 30, 2027",2.3,FC Lugano,2790,22,2023_2024
Mattia Bottani ,Attacking Midfield,1991-05-24,"1,70m",right,"Aug 18, 2017","Jun 30, 2025",0.3,FC Lugano,2790,32,2023_2024
Ignacio Aliseda,Left Winger,2000-03-14,"1,68m",left,"Jan 1, 2022","Jun 30, 2025",3.0,FC Lugano,2790,24,2023_2024
Renato Steffen ,Right Winger,1991-11-03,"1,70m",left,"Aug 30, 2022","Jun 30, 2025",1.0,FC Lugano,2790,32,2023_2024
Hicham Mahou,Right Winger,1999-07-02,"1,79m",right,"Jul 4, 2022","Jun 30, 2026",0.7,FC Lugano,2790,24,2023_2024
Zan Celar,Centre-Forward,1999-03-14,"1,86m",right,"Aug 27, 2021","Jun 30, 2025",4.0,FC Lugano,2790,25,2023_2024
Shkelqim Vladi,Centre-Forward,2000-09-21,"1,86m",right,"Jul 1, 2023","Jun 30, 2027",1.6,FC Lugano,2790,23,2023_2024
Kacper Przybylko,Centre-Forward,1993-03-25,"1,92m",right,"Feb 15, 2024","Jun 30, 2025",1.2,FC Lugano,2790,31,2023_2024
Boris Babic,Centre-Forward,1997-11-10,"1,80m",right,"Jul 5, 2022","Jun 30, 2025",0.3,FC Lugano,2790,26,2023_2024
Giovanni D'Agostino,Centre-Forward,2004-08-27,-,right,"Jul 1, 2023","Jun 30, 2024",0.1,FC Lugano,2790,19,2023_2024
Karlo Letica,Goalkeeper,1997-02-11,"2,01m",right,"Aug 24, 2023","Jun 30, 2025",0.8,FC Lausanne-Sport,527,27,2023_2024
Thomas Castella,Goalkeeper,1993-06-30,"1,85m",right,"Jul 1, 2012","Jun 30, 2028",0.2,FC Lausanne-Sport,527,30,2023_2024
Raphael Spiegel,Goalkeeper,1992-12-19,"1,97m",right,"Jul 1, 2022",-,0.2,FC Lausanne-Sport,527,31,2023_2024
Gábor Szalai,Centre-Back,2000-06-09,"1,91m",left,"Jan 7, 2024","Jun 30, 2028",1.0,FC Lausanne-Sport,527,23,2023_2024
Noë Dussenne,Centre-Back,1992-04-07,"1,92m",right,"Jul 1, 2023","Jun 30, 2026",0.6,FC Lausanne-Sport,527,31,2023_2024
Berkay Dabanli,Centre-Back,1990-06-27,"1,90m",left,"Jul 5, 2022","Jun 30, 2024",0.2,FC Lausanne-Sport,527,33,2023_2024
Mickaël Nanizayamo,Centre-Back,1998-05-08,"1,91m",left,"Jul 1, 2018","Jun 30, 2024",0.2,FC Lausanne-Sport,527,25,2023_2024
Simone Grippo,Centre-Back,1988-12-12,"1,88m",right,"Aug 29, 2021","Jun 30, 2024",0.1,FC Lausanne-Sport,527,35,2023_2024
Morgan Poaty,Left-Back,1997-07-15,"1,77m",left,"Aug 22, 2023",-,0.5,FC Lausanne-Sport,527,26,2023_2024
Chris Kablan,Left-Back,1994-11-30,"1,76m",right,"Jan 24, 2023","Jun 30, 2024",0.2,FC Lausanne-Sport,527,29,2023_2024
Haithem Loucif,Right-Back,1996-07-08,"1,77m",right,"Feb 8, 2024","Jun 30, 2024",0.6,FC Lausanne-Sport,527,27,2023_2024
Raoul Giger,Right-Back,1997-10-29,"1,80m",right,"Jul 1, 2022","Jun 30, 2025",0.5,FC Lausanne-Sport,527,26,2023_2024
Jamie Roche,Defensive Midfield,2001-04-05,"1,91m",left,"Jul 25, 2023","Jun 30, 2027",1.5,FC Lausanne-Sport,527,23,2023_2024
Olivier Custodio ,Defensive Midfield,1995-02-10,"1,80m",right,"Jul 1, 2022",-,0.4,FC Lausanne-Sport,527,29,2023_2024
Maxen Kapo,Defensive Midfield,2001-01-19,"1,92m",right,"Jul 1, 2021","Jun 30, 2025",0.1,FC Lausanne-Sport,527,23,2023_2024
Antoine Bernede,Central Midfield,1999-05-26,"1,78m",right,"Jul 1, 2023","Jun 30, 2026",2.8,FC Lausanne-Sport,527,24,2023_2024
Alvyn Sanches,Central Midfield,2003-02-12,"1,80m",left,"Nov 13, 2020","Jun 30, 2026",2.5,FC Lausanne-Sport,527,21,2023_2024
Stjepan Kukuruzovic,Central Midfield,1989-06-07,"1,80m",left,"Aug 29, 2018","Jun 30, 2024",0.1,FC Lausanne-Sport,527,34,2023_2024
Donat Rrudhani,Right Midfield,1999-05-02,"1,88m",left,"Feb 6, 2024","Jun 30, 2024",0.6,FC Lausanne-Sport,527,24,2023_2024
Simone Pafundi,Attacking Midfield,2006-03-14,"1,66m",left,"Jan 25, 2024","Dec 31, 2024",10.0,FC Lausanne-Sport,527,18,2023_2024
Rares Ilie,Left Winger,2003-04-19,"1,85m",right,"Jul 1, 2023","Jun 30, 2024",3.3,FC Lausanne-Sport,527,20,2023_2024
Trae Coyle ,Left Winger,2001-01-11,"1,79m",right,"Jul 1, 2021","Jun 30, 2024",0.4,FC Lausanne-Sport,527,23,2023_2024
Samuel Kalu,Right Winger,1997-08-26,"1,77m",right,"Sep 7, 2023","Jun 30, 2024",2.5,FC Lausanne-Sport,527,26,2023_2024
Fousseni Diabaté,Right Winger,1995-10-18,"1,78m",left,"Sep 7, 2023","Jun 30, 2025",1.5,FC Lausanne-Sport,527,28,2023_2024
Kaly Sène,Centre-Forward,2001-05-28,"1,80m",right,"Jul 1, 2023","Jun 30, 2026",2.5,FC Lausanne-Sport,527,22,2023_2024
Brighton Labeau,Centre-Forward,1996-01-01,"1,83m",right,"Jul 1, 2022",-,0.7,FC Lausanne-Sport,527,28,2023_2024
Seydou Traoré,Centre-Forward,2004-12-05,"1,85m",right,"Jul 1, 2023","Jun 30, 2027",0.1,FC Lausanne-Sport,527,19,2023_2024
Pascal Loretz,Goalkeeper,2003-06-01,"1,91m",right,"Jul 1, 2021","Jun 30, 2027",4.0,FC Luzern,434,20,2023_2024
Diego Heller ,Goalkeeper,2004-11-20,"1,80m",right,"Jul 20, 2023","Jun 30, 2026",0.1,FC Luzern,434,19,2023_2024
Vaso Vasic,Goalkeeper,1990-04-26,"1,87m",right,"Jul 1, 2021","Jun 30, 2025",0.1,FC Luzern,434,33,2023_2024
Luca Jaquez,Centre-Back,2003-06-02,"1,87m",right,"Jan 27, 2022","Jun 30, 2026",1.2,FC Luzern,434,20,2023_2024
Ismajl Beka ,Centre-Back,1999-10-31,"1,97m",left,"Aug 31, 2022","Jun 30, 2026",1.1,FC Luzern,434,24,2023_2024
Jesper Löfgren,Centre-Back,1997-05-03,"1,94m",right,"Jan 18, 2024","Jun 30, 2024",0.6,FC Luzern,434,26,2023_2024
Mauricio Willimann,Centre-Back,2003-01-16,"1,83m",right,"Jul 1, 2023","Jun 30, 2026",0.3,FC Luzern,434,21,2023_2024
Denis Simani,Centre-Back,1991-10-13,"1,87m",left,"Jan 5, 2022","Jun 30, 2024",0.2,FC Luzern,434,32,2023_2024
Serkan Izmirlioglu,Centre-Back,1998-07-10,"1,84m",right,"Jan 26, 2022","Jun 30, 2024",0.1,FC Luzern,434,25,2023_2024
Martin Frydek,Left-Back,1992-03-24,"1,79m",left,"Oct 12, 2020","Jun 30, 2024",0.4,FC Luzern,434,32,2023_2024
Leny Meyer,Left-Back,2004-07-01,"1,82m",left,"Jul 1, 2022","Jun 30, 2025",0.2,FC Luzern,434,19,2023_2024
Severin Ottiger,Right-Back,2003-04-20,"1,83m",right,"Jul 1, 2021","Jun 30, 2027",1.5,FC Luzern,434,20,2023_2024
Dario Ulrich,Right-Back,1998-03-12,"1,73m",right,"Jul 1, 2023","Jun 30, 2025",0.3,FC Luzern,434,26,2023_2024
Ardon Jashari ,Defensive Midfield,2002-07-30,"1,81m",left,"Jan 27, 2022","Jun 30, 2026",6.0,FC Luzern,434,21,2023_2024
Nicky Beloko,Central Midfield,2000-02-16,"1,84m",right,"Jul 6, 2022","Jun 30, 2025",2.0,FC Luzern,434,24,2023_2024
Nicolas Haas,Central Midfield,1996-01-23,"1,78m",right,"Sep 3, 2023","Jun 30, 2024",0.9,FC Luzern,434,28,2023_2024
Noah Rupp,Central Midfield,2003-08-13,"1,84m",left,"Oct 8, 2021","Jun 30, 2024",0.2,FC Luzern,434,20,2023_2024
Pius Dorn,Right Midfield,1996-09-24,"1,79m",right,"Jul 1, 2022","Jun 30, 2026",1.5,FC Luzern,434,27,2023_2024
Max Meyer,Attacking Midfield,1995-09-18,"1,73m",right,"Aug 24, 2022","Jun 30, 2024",2.0,FC Luzern,434,28,2023_2024
Jakub Kadák,Attacking Midfield,2000-12-14,"1,77m",right,"Jul 19, 2022","Jun 30, 2026",0.9,FC Luzern,434,23,2023_2024
Samuele Campo,Attacking Midfield,1995-07-06,"1,77m",left,"Jul 2, 2021","Jun 30, 2024",0.1,FC Luzern,434,28,2023_2024
Samuel Alabi ,Attacking Midfield,2000-05-06,"1,70m",right,"Sep 24, 2020","Jun 30, 2024",0.1,FC Luzern,434,23,2023_2024
Sofyan Chader ,Left Winger,2000-05-12,"1,78m",right,"Aug 11, 2022","Jun 30, 2025",1.0,FC Luzern,434,23,2023_2024
Kevin Spadanuda ,Left Winger,1997-01-16,"1,77m",right,"Jul 1, 2023","Jun 30, 2026",0.3,FC Luzern,434,27,2023_2024
Luuk Breedijk,Left Winger,2004-02-20,"1,85m",right,"Jan 26, 2023","Jun 30, 2026",0.3,FC Luzern,434,20,2023_2024
Teddy Okou,Right Winger,1998-05-15,"1,66m",left,"Jul 1, 2023","Jun 30, 2026",0.8,FC Luzern,434,25,2023_2024
Lars Villiger,Centre-Forward,2003-04-29,"1,90m",right,"Apr 1, 2023","Jun 30, 2026",1.5,FC Luzern,434,20,2023_2024
Adrian Grbic,Centre-Forward,1996-08-04,"1,88m",left,"Feb 5, 2024","Jun 30, 2024",1.2,FC Luzern,434,27,2023_2024
Thibault Klidjé,Centre-Forward,2001-07-10,"1,70m",right,"Aug 31, 2022","Jun 30, 2026",0.5,FC Luzern,434,22,2023_2024
Kemal Ademi ,Centre-Forward,1996-01-23,"1,97m",right,"Jul 1, 2023","Jun 30, 2025",0.5,FC Luzern,434,28,2023_2024
Lawrence Ati Zigi,Goalkeeper,1996-11-29,"1,88m",right,"Jan 24, 2020","Jun 30, 2025",2.0,FC St. Gallen 1879,257,27,2023_2024
Lukas Watkowiak,Goalkeeper,1996-03-06,"1,97m",right,"Aug 20, 2020","Jun 30, 2025",0.2,FC St. Gallen 1879,257,28,2023_2024
Bela Dumrath,Goalkeeper,2003-11-18,"1,98m",right,"Jul 1, 2022","Jun 30, 2024",0.1,FC St. Gallen 1879,257,20,2023_2024
Albert Vallci,Centre-Back,1995-07-02,"1,91m",right,"Aug 4, 2022","Jun 30, 2025",1.0,FC St. Gallen 1879,257,28,2023_2024
Jozo Stanic ,Centre-Back,1999-04-06,"1,84m",right,"Sep 2, 2023","Jun 30, 2025",0.7,FC St. Gallen 1879,257,25,2023_2024
Abdoulaye Diaby,Centre-Back,2000-07-04,"1,98m",right,"Jul 1, 2023","Jun 30, 2025",0.7,FC St. Gallen 1879,257,23,2023_2024
Justin Janitzek,Centre-Back,2004-02-10,"1,92m",right,"Jul 1, 2023","Jun 30, 2024",0.2,FC St. Gallen 1879,257,20,2023_2024
Musah Nuhu,Centre-Back,1997-01-17,"1,95m",right,"Jul 1, 2019","Jun 30, 2024",0.1,FC St. Gallen 1879,257,27,2023_2024
Isaac Schmidt,Left-Back,1999-12-07,"1,72m",right,"Jul 1, 2021","Jun 30, 2026",1.4,FC St. Gallen 1879,257,24,2023_2024
Chima Okoroji,Left-Back,1997-04-19,"1,78m",left,"Jul 22, 2023","Jun 30, 2025",1.0,FC St. Gallen 1879,257,26,2023_2024
Mattia Zanotti,Right-Back,2003-01-11,"1,75m",right,"Jul 3, 2023","Jun 30, 2024",3.0,FC St. Gallen 1879,257,21,2023_2024
Patrick Sutter,Right-Back,1999-01-18,"1,72m",right,"Jul 1, 2021","Jun 30, 2024",0.3,FC St. Gallen 1879,257,25,2023_2024
Jordi Quintillà,Defensive Midfield,1993-10-25,"1,81m",left,"Jan 22, 2022","Jun 30, 2025",1.0,FC St. Gallen 1879,257,30,2023_2024
Betim Fazliji ,Defensive Midfield,1999-04-25,"1,86m",right,"Jul 1, 2023","Jun 30, 2027",0.7,FC St. Gallen 1879,257,24,2023_2024
Corsin Konietzke,Defensive Midfield,2006-06-21,"1,85m",right,,"Jun 30, 2024",0.2,FC St. Gallen 1879,257,17,2023_2024
Bastien Toma,Central Midfield,1999-06-24,"1,74m",right,"Sep 7, 2023","Jun 30, 2025",1.0,FC St. Gallen 1879,257,24,2023_2024
Mihailo Stevanovic,Central Midfield,2002-01-04,"1,86m",right,"Jul 1, 2023","Jun 30, 2025",0.8,FC St. Gallen 1879,257,22,2023_2024
Lukas Görtler ,Right Midfield,1994-06-15,"1,86m",right,"Jul 8, 2019","Jun 30, 2026",2.0,FC St. Gallen 1879,257,29,2023_2024
Christian Witzig,Left Midfield,2001-01-09,"1,78m",right,"Jul 1, 2021","Jun 30, 2027",1.7,FC St. Gallen 1879,257,23,2023_2024
Víctor Ruiz,Attacking Midfield,1993-11-02,"1,73m",right,"Feb 14, 2024","Jun 30, 2024",0.5,FC St. Gallen 1879,257,30,2023_2024
Grégory Karlen,Attacking Midfield,1995-01-30,"1,87m",right,"Aug 3, 2022","Jun 30, 2025",0.2,FC St. Gallen 1879,257,29,2023_2024
Richard van der Venne ,Attacking Midfield,1992-05-16,"1,73m",left,"Jul 5, 2023","Jun 30, 2025",0.1,FC St. Gallen 1879,257,31,2023_2024
Felix Mambimbi ,Left Winger,2001-01-18,"1,71m",right,"Sep 2, 2023","Jun 30, 2025",0.5,FC St. Gallen 1879,257,23,2023_2024
Julian Von Moos,Right Winger,2001-04-01,"1,81m",left,"Jan 3, 2022","Jun 30, 2024",1.8,FC St. Gallen 1879,257,23,2023_2024
Chadrac Akolo,Right Winger,1995-04-01,"1,72m",right,"Jul 3, 2022","Jun 30, 2024",0.9,FC St. Gallen 1879,257,29,2023_2024
Albin Krasniqi,Right Winger,2003-04-06,"1,80m",right,,"Jun 30, 2024",0.5,FC St. Gallen 1879,257,21,2023_2024
Willem Geubbels,Centre-Forward,2001-08-16,"1,85m",right,"Jan 23, 2023","Jun 30, 2025",2.5,FC St. Gallen 1879,257,22,2023_2024
Nikolaj Möller ,Centre-Forward,2002-07-20,"1,94m",right,"Jul 1, 2023","Jun 30, 2027",0.6,FC St. Gallen 1879,257,21,2023_2024
Fabian Schubert,Centre-Forward,1994-08-29,"1,94m",right,"Jul 1, 2021","Jun 30, 2024",0.5,FC St. Gallen 1879,257,29,2023_2024
Jovan Milosevic,Centre-Forward,2005-07-31,"1,90m",right,"Feb 13, 2024","Jun 30, 2024",0.5,FC St. Gallen 1879,257,18,2023_2024
Yanick Brecher ,Goalkeeper,1993-05-25,"1,96m",right,"Jul 1, 2011","Jun 30, 2027",0.8,FC Zürich,260,30,2023_2024
Zivko Kostadinovic,Goalkeeper,1992-04-10,"1,96m",right,"Aug 3, 2020","Jun 30, 2025",0.2,FC Zürich,260,31,2023_2024
Alan Omerovic,Goalkeeper,2002-07-16,"1,85m",right,"Jul 1, 2023","Jun 30, 2024",0.1,FC Zürich,260,21,2023_2024
Nikola Katic,Centre-Back,1996-10-10,"1,94m",right,"Aug 31, 2022","Jun 30, 2026",1.5,FC Zürich,260,27,2023_2024
Lindrit Kamberi,Centre-Back,1999-10-07,"1,83m",right,"Jul 1, 2018","Jun 30, 2028",1.0,FC Zürich,260,24,2023_2024
Silvan Wallner,Centre-Back,2002-01-15,"1,85m",right,"Aug 3, 2020","Jun 30, 2025",0.3,FC Zürich,260,22,2023_2024
Fabio Daprelà,Centre-Back,1991-02-19,"1,83m",left,"Jul 1, 2023","Jun 30, 2025",0.2,FC Zürich,260,33,2023_2024
Mirlind Kryeziu,Centre-Back,1997-01-26,"1,96m",left,"Apr 11, 2017","Jun 30, 2025",0.2,FC Zürich,260,27,2023_2024
Marc Hornschuh,Centre-Back,1991-03-02,"1,88m",right,"Jul 9, 2021","Jun 30, 2024",0.1,FC Zürich,260,33,2023_2024
Amadou Dante,Left-Back,2000-10-07,"1,78m",left,"Feb 8, 2024","Jun 30, 2024",2.0,FC Zürich,260,23,2023_2024
Ramon Guzzo,Left-Back,2004-07-05,"1,76m",left,"Jan 3, 2023","Jun 30, 2026",0.2,FC Zürich,260,19,2023_2024
Rodrigo Conceição,Right-Back,2000-01-02,"1,75m",right,"Aug 17, 2023","Jun 30, 2027",1.2,FC Zürich,260,24,2023_2024
Selmin Hodza,Right-Back,2003-05-24,"1,78m",right,"Sep 14, 2022","Jun 30, 2028",0.3,FC Zürich,260,20,2023_2024
Cheick Condé,Defensive Midfield,2000-07-26,"1,85m",right,"Jul 1, 2022","Jun 30, 2027",3.0,FC Zürich,260,23,2023_2024
Ifeanyi Mathew,Central Midfield,1997-01-20,"1,75m",right,"Feb 15, 2023","Jun 30, 2025",1.5,FC Zürich,260,27,2023_2024
Miguel Reichmuth,Central Midfield,2003-10-26,"1,71m",right,"Sep 14, 2022","Jun 30, 2028",0.1,FC Zürich,260,20,2023_2024
Nikola Boranijasevic,Right Midfield,1992-05-19,"1,82m",right,"Jul 1, 2021","Jun 30, 2024",0.3,FC Zürich,260,31,2023_2024
Adrián Guerrero,Left Midfield,1998-01-28,"1,74m",left,"Jul 1, 2021","Jun 30, 2024",1.3,FC Zürich,260,26,2023_2024
Bledian Krasniqi,Attacking Midfield,2001-06-17,"1,73m",right,"Jul 3, 2018","Jun 30, 2027",1.0,FC Zürich,260,22,2023_2024
Antonio Marchesano,Attacking Midfield,1991-01-18,"1,68m",right,"Sep 2, 2015","Jun 30, 2024",0.3,FC Zürich,260,33,2023_2024
Nils Reichmuth,Attacking Midfield,2002-02-22,"1,75m",right,"Jun 18, 2020","Jun 30, 2025",0.3,FC Zürich,260,22,2023_2024
Jonathan Okita,Left Winger,1996-10-05,"1,81m",right,"Jul 1, 2022","Jun 30, 2025",2.0,FC Zürich,260,27,2023_2024
Armstrong Oko-Flex,Left Winger,2002-03-02,"1,86m",right,"Aug 14, 2023","Jun 30, 2025",0.5,FC Zürich,260,22,2023_2024
Joseph Sabobo,Left Winger,2005-12-17,"1,67m",left,"Jan 16, 2024","Jun 30, 2028",0.2,FC Zürich,260,18,2023_2024
Fabian Rohner,Right Winger,1998-08-17,"1,78m",right,"Jan 5, 2017","Jun 30, 2025",0.3,FC Zürich,260,25,2023_2024
Daniel Afriyie,Second Striker,2001-06-26,"1,65m",right,"Jan 3, 2023","Jun 30, 2026",1.0,FC Zürich,260,22,2023_2024
Junior Ligue,Centre-Forward,2005-03-21,"1,80m",left,"Jan 3, 2023","Jun 30, 2028",0.7,FC Zürich,260,19,2023_2024
Labinot Bajrami,Centre-Forward,2005-06-04,"1,87m",right,,"Jun 30, 2024",0.4,FC Zürich,260,18,2023_2024
Ivan Santini,Centre-Forward,1989-05-21,"1,90m",right,"Jul 1, 2022","Jun 30, 2024",0.1,FC Zürich,260,34,2023_2024
Justin Hammel,Goalkeeper,2000-12-02,"1,87m",right,"Jul 1, 2022","Jun 30, 2025",1.0,Grasshopper Club Zurich,504,23,2023_2024
Manuel Kuttin,Goalkeeper,1993-12-17,"1,95m",right,"Jul 1, 2023",-,0.2,Grasshopper Club Zurich,504,30,2023_2024
Nicolas Glaus,Goalkeeper,2002-05-10,"1,87m",right,"Jul 1, 2023",-,0.1,Grasshopper Club Zurich,504,21,2023_2024
Steven Deana,Goalkeeper,1990-03-04,"1,90m",right,"Feb 15, 2024",-,0.1,Grasshopper Club Zurich,504,34,2023_2024
Ayumu Seko,Centre-Back,2000-06-07,"1,85m",right,"Jan 18, 2022","Jun 30, 2025",1.7,Grasshopper Club Zurich,504,23,2023_2024
Kristers Tobers ,Centre-Back,2000-12-13,"1,90m",right,"Jul 1, 2023","Jun 30, 2025",0.8,Grasshopper Club Zurich,504,23,2023_2024
Maksim Paskotsi,Centre-Back,2003-01-19,"1,88m",right,"Sep 6, 2023","Jun 30, 2026",0.5,Grasshopper Club Zurich,504,21,2023_2024
Joshua Laws,Centre-Back,1998-02-26,"1,85m",left,"Aug 15, 2023","Jun 30, 2025",0.4,Grasshopper Club Zurich,504,26,2023_2024
Elvir Zukaj,Centre-Back,2002-07-07,"1,94m",right,,-,0.1,Grasshopper Club Zurich,504,21,2023_2024
Théo Ndicka Matam,Left-Back,2000-04-20,"1,69m",left,"Aug 29, 2023","Jun 30, 2025",0.5,Grasshopper Club Zurich,504,23,2023_2024
Florian Hoxha,Left-Back,2001-02-22,"1,77m",left,"Jul 1, 2021","Jun 30, 2024",0.5,Grasshopper Club Zurich,504,23,2023_2024
Michael Kempter ,Left-Back,1995-01-12,"1,81m",left,"Jul 1, 2023","Jun 30, 2025",0.3,Grasshopper Club Zurich,504,29,2023_2024
Dirk Abels,Right-Back,1997-06-13,"1,86m",right,"Jul 17, 2023","Jun 30, 2025",0.6,Grasshopper Club Zurich,504,26,2023_2024
Liam Bollati,Right-Back,2003-11-09,"1,74m", ,"Jul 6, 2022","Jun 30, 2024",0.3,Grasshopper Club Zurich,504,20,2023_2024
Tim Meyer,Defensive Midfield,2004-07-08,"1,83m",right,"Aug 24, 2023","Jun 30, 2025",0.4,Grasshopper Club Zurich,504,19,2023_2024
Amir Abrashi ,Defensive Midfield,1990-03-27,"1,72m",right,"Jul 1, 2021","Jun 30, 2025",0.2,Grasshopper Club Zurich,504,34,2023_2024
Tsiy Ndenge,Central Midfield,1997-06-13,"1,90m",left,"Jul 1, 2022","Jun 30, 2025",1.5,Grasshopper Club Zurich,504,26,2023_2024
Noah Blasucci,Central Midfield,1999-06-19,"1,75m",right,,"Jun 30, 2024",0.1,Grasshopper Club Zurich,504,24,2023_2024
Filipe de Carvalho,Left Midfield,2003-12-01,"1,76m",right,"Jan 24, 2021","Jun 30, 2025",1.0,Grasshopper Club Zurich,504,20,2023_2024
Robin Kalem,Left Midfield,2002-07-14,"1,81m",right,"Jun 17, 2020","Jun 30, 2024",0.2,Grasshopper Club Zurich,504,21,2023_2024
Pascal Schürpf,Left Midfield,1989-07-15,"1,90m",right,"Jul 1, 2023","Jun 30, 2024",0.1,Grasshopper Club Zurich,504,34,2023_2024
Dijon Kameri ,Attacking Midfield,2004-04-20,"1,84m",right,"Feb 8, 2024","Jun 30, 2024",3.0,Grasshopper Club Zurich,504,19,2023_2024
Giotto Morandi,Attacking Midfield,1999-03-04,"1,81m",left,"Jul 1, 2019","Jun 30, 2025",0.8,Grasshopper Club Zurich,504,25,2023_2024
Oliver Batista Meier,Attacking Midfield,2001-02-16,"1,80m",right,"Feb 2, 2024","Jun 30, 2024",0.7,Grasshopper Club Zurich,504,23,2023_2024
Meritan Shabani ,Attacking Midfield,1999-03-15,"1,85m",right,"Jul 9, 2022","Jun 30, 2024",0.3,Grasshopper Club Zurich,504,25,2023_2024
Awer Mabil ,Left Winger,1995-09-15,"1,78m",right,"Aug 21, 2023","Jun 30, 2025",1.3,Grasshopper Club Zurich,504,28,2023_2024
Damian Nigg ,Left Winger,2005-04-12,"1,78m",right,,"Jun 30, 2024",0.2,Grasshopper Club Zurich,504,18,2023_2024
Francis Momoh,Centre-Forward,2001-03-25,"1,87m",right,"Aug 1, 2019","Jun 30, 2024",0.9,Grasshopper Club Zurich,504,23,2023_2024
Bradley Fink,Centre-Forward,2003-04-17,"1,92m",left,"Jul 20, 2023","Jun 30, 2024",0.7,Grasshopper Club Zurich,504,20,2023_2024
Dorian Babunski,Centre-Forward,1996-08-29,"1,86m",right,"Aug 28, 2023","Jun 30, 2025",0.6,Grasshopper Club Zurich,504,27,2023_2024
Asumah Abubakar,Centre-Forward,1997-05-10,"1,83m",right,"Jan 29, 2024","Jun 30, 2025",0.3,Grasshopper Club Zurich,504,26,2023_2024
Paul Bernardoni,Goalkeeper,1997-04-18,"1,93m",left,"Jan 21, 2024","Jun 30, 2024",2.2,Yverdon Sport FC,322,26,2023_2024
Kevin Martin,Goalkeeper,1995-06-13,"1,80m",left,"Jul 1, 2018","Jun 30, 2024",0.3,Yverdon Sport FC,322,28,2023_2024
Mirco Mazzeo,Goalkeeper,1999-12-15,"1,91m",right,"Jul 1, 2022","Jun 30, 2024",0.1,Yverdon Sport FC,322,24,2023_2024
Breston Malula,Centre-Back,2000-10-31,"1,94m",right,"Aug 30, 2021","Jun 30, 2025",0.5,Yverdon Sport FC,322,23,2023_2024
Mohamed Tijani,Centre-Back,1997-07-10,"1,90m",left,"Jul 17, 2023","Jun 30, 2024",0.4,Yverdon Sport FC,322,26,2023_2024
Dario Del Fabro,Centre-Back,1995-03-24,"1,90m",right,"Jul 16, 2023","Jun 30, 2026",0.4,Yverdon Sport FC,322,29,2023_2024
Christian Marques,Centre-Back,2003-01-15,"1,88m",right,"Sep 7, 2023","Jun 30, 2025",0.3,Yverdon Sport FC,322,21,2023_2024
Niklas Gunnarsson,Centre-Back,1991-04-27,"1,88m",right,"Aug 15, 2023","Jun 30, 2025",0.2,Yverdon Sport FC,322,32,2023_2024
Dimitrije Kamenovic,Left-Back,2000-07-16,"1,89m",left,"Feb 15, 2024","Jun 30, 2024",0.5,Yverdon Sport FC,322,23,2023_2024
William Le Pogam ,Left-Back,1993-03-03,"1,83m",left,"Aug 3, 2020","Jun 30, 2025",0.3,Yverdon Sport FC,322,31,2023_2024
Anthony Sauthier ,Right-Back,1991-02-05,"1,85m",right,"Jul 12, 2022","Jun 30, 2025",0.2,Yverdon Sport FC,322,33,2023_2024
Luca Jaquenoud ,Right-Back,2002-05-21,"1,81m",right,"Jul 1, 2021","Jun 30, 2024",0.1,Yverdon Sport FC,322,21,2023_2024
Boris Céspedes,Defensive Midfield,1995-06-19,"1,81m",right,"Jul 3, 2023","Jun 30, 2025",0.6,Yverdon Sport FC,322,28,2023_2024
Samuel Oum Gouet,Defensive Midfield,1997-12-14,"1,85m",right,"Jul 26, 2023","Jun 30, 2025",0.5,Yverdon Sport FC,322,26,2023_2024
Néhemie Lusuena,Defensive Midfield,1998-04-29,"1,75m",right,"Jul 1, 2016","Jun 30, 2024",0.3,Yverdon Sport FC,322,25,2023_2024
Vladan Vidakovic,Defensive Midfield,1999-03-14,"1,93m",right,"Jan 22, 2024","Jun 30, 2026",0.3,Yverdon Sport FC,322,25,2023_2024
Liziero ,Central Midfield,1998-02-07,"1,77m",left,"Sep 6, 2023","Jun 30, 2024",1.5,Yverdon Sport FC,322,26,2023_2024
Mathias Olesen,Central Midfield,2001-03-21,"1,88m",both,"Jan 23, 2024","Jun 30, 2024",1.2,Yverdon Sport FC,322,23,2023_2024
Dominic Corness ,Central Midfield,2003-05-05,"1,74m",right,"Jul 20, 2023","Jun 30, 2024",0.5,Yverdon Sport FC,322,20,2023_2024
Ricardo Alves,Central Midfield,2001-12-02,"1,77m",left,"Jul 17, 2023","Jun 30, 2025",0.3,Yverdon Sport FC,322,22,2023_2024
Silva ,Central Midfield,1995-09-07,"1,83m",right,"Jul 12, 2022","Jun 30, 2025",0.3,Yverdon Sport FC,322,28,2023_2024
Alan Rodriguez,Central Midfield,2002-07-12,"1,78m",right,"Jul 1, 2022","Jun 30, 2024",0.1,Yverdon Sport FC,322,21,2023_2024
Magnus Grødem ,Attacking Midfield,1998-08-14,"1,93m",right,"Jan 16, 2024","Jun 30, 2026",1.2,Yverdon Sport FC,322,25,2023_2024
Hugo Fargues,Attacking Midfield,1992-04-16,"1,78m",left,"Jan 4, 2019","Jun 30, 2024",0.1,Yverdon Sport FC,322,31,2023_2024
Marley Aké,Left Winger,2001-01-05,"1,78m",right,"Jan 18, 2024","Jun 30, 2024",1.6,Yverdon Sport FC,322,23,2023_2024
Mihael Klepac ,Left Winger,1997-09-19,"1,84m",right,"Jul 18, 2023","Jun 30, 2025",0.4,Yverdon Sport FC,322,26,2023_2024
Yannick Cotter,Left Winger,2002-01-03,"1,76m",left,"Aug 22, 2023","Jun 30, 2025",0.1,Yverdon Sport FC,322,22,2023_2024
Varol Tasar ,Right Winger,1996-10-04,"1,74m",left,"Jul 19, 2023","Jun 30, 2024",0.6,Yverdon Sport FC,322,27,2023_2024
Mauro Rodrigues,Right Winger,2001-04-15,"1,78m",right,"Jul 7, 2022","Jun 30, 2024",0.4,Yverdon Sport FC,322,22,2023_2024
Johan Kury ,Right Winger,2001-10-07,"1,78m",right,"Jul 25, 2022","Jun 30, 2025",0.1,Yverdon Sport FC,322,22,2023_2024
Kevin Carlos,Centre-Forward,2001-04-10,"1,86m",right,"Jan 3, 2024",-,1.2,Yverdon Sport FC,322,22,2023_2024
Aimen Mahious,Centre-Forward,1997-09-15,"1,85m",right,"Aug 9, 2023","Jun 30, 2026",1.0,Yverdon Sport FC,322,26,2023_2024
Christopher Lungoyi,Centre-Forward,2000-07-04,"1,82m",left,"Aug 11, 2023","Jun 30, 2024",0.8,Yverdon Sport FC,322,23,2023_2024
Evans Maurin ,Centre-Forward,2001-03-30,"1,79m",left,"Feb 9, 2023",-,0.4,Yverdon Sport FC,322,23,2023_2024
Jérémy Vachoux,Goalkeeper,1994-07-07,"1,83m",right,"Jul 26, 2023","Jun 15, 2025",0.5,FC Stade-Lausanne-Ouchy,5499,29,2023_2024
Dany Da Silva,Goalkeeper,1993-03-02,"1,88m",right,"Sep 3, 2020","Jun 15, 2025",0.3,FC Stade-Lausanne-Ouchy,5499,31,2023_2024
Sahmkou Camara,Centre-Back,2003-06-10,"1,93m",right,"Jul 1, 2023","Jun 15, 2027",0.5,FC Stade-Lausanne-Ouchy,5499,20,2023_2024
Lucas Pos,Centre-Back,1998-02-16,"1,87m",right,"Jul 7, 2021","Jun 30, 2025",0.4,FC Stade-Lausanne-Ouchy,5499,26,2023_2024
Lavdrim Hajrulahu ,Centre-Back,1998-03-07,"1,87m",right,"Jan 1, 2017","Jun 30, 2024",0.4,FC Stade-Lausanne-Ouchy,5499,26,2023_2024
Dylan Ouedraogo,Centre-Back,1998-07-22,"1,85m",left,"Aug 8, 2023","Jun 15, 2025",0.3,FC Stade-Lausanne-Ouchy,5499,25,2023_2024
Rayan Kadima,Centre-Back,1997-12-15,"1,87m",right,"Jul 1, 2021","Jun 15, 2025",0.3,FC Stade-Lausanne-Ouchy,5499,26,2023_2024
Linus Obexer ,Left-Back,1997-06-05,"1,77m",left,"Jul 1, 2022","Jun 30, 2024",0.3,FC Stade-Lausanne-Ouchy,5499,26,2023_2024
Michael Heule,Left-Back,2001-04-27,"1,72m",right,"Jul 14, 2023","Jun 15, 2025",0.3,FC Stade-Lausanne-Ouchy,5499,22,2023_2024
Marc Fred Tsoungui,Left-Back,2002-07-30,"1,82m",left,"Jul 1, 2022","Jun 30, 2025",0.2,FC Stade-Lausanne-Ouchy,5499,21,2023_2024
Ibrahim Diakité ,Right-Back,2003-10-31,"1,80m",right,"Feb 15, 2024","Jun 30, 2024",0.9,FC Stade-Lausanne-Ouchy,5499,20,2023_2024
Mohamed Abdallah,Right-Back,1999-04-11,"1,67m",right,"Jul 3, 2021","Jun 30, 2024",0.4,FC Stade-Lausanne-Ouchy,5499,24,2023_2024
Lamine Gassama,Right-Back,1989-10-20,"1,80m",right,"Jul 12, 2022","Jun 30, 2024",0.1,FC Stade-Lausanne-Ouchy,5499,34,2023_2024
Giovani Bamba,Defensive Midfield,1999-07-02,"1,92m",right,"Aug 25, 2020","Jun 30, 2024",0.4,FC Stade-Lausanne-Ouchy,5499,24,2023_2024
Valon Hamdiu,Defensive Midfield,1998-06-10,"1,87m",right,"Jul 1, 2023","Jun 15, 2025",0.3,FC Stade-Lausanne-Ouchy,5499,25,2023_2024
Romain Bayard,Defensive Midfield,1993-10-15,"1,67m",right,"Jul 27, 2021","Jun 30, 2025",0.2,FC Stade-Lausanne-Ouchy,5499,30,2023_2024
Edmond Akichi,Defensive Midfield,1990-04-24,"1,78m",right,"Jul 14, 2022","Jun 30, 2024",0.2,FC Stade-Lausanne-Ouchy,5499,33,2023_2024
Mischa Eberhard,Central Midfield,2002-04-11,"1,73m",right,"Jul 1, 2023","Jun 15, 2025",0.3,FC Stade-Lausanne-Ouchy,5499,21,2023_2024
Elies Mahmoud,Right Midfield,2001-02-10,"1,71m",right,"Jul 11, 2023","Jun 30, 2025",0.8,FC Stade-Lausanne-Ouchy,5499,23,2023_2024
Ismaël Gharbi,Attacking Midfield,2004-04-10,"1,73m",right,"Sep 1, 2023","Jun 30, 2024",7.5,FC Stade-Lausanne-Ouchy,5499,19,2023_2024
Mergim Qarri,Attacking Midfield,1995-06-10,"1,79m",right,"Aug 6, 2020","Jun 15, 2025",0.3,FC Stade-Lausanne-Ouchy,5499,28,2023_2024
Liridon Mulaj,Attacking Midfield,1999-01-04,"1,75m",right,"Aug 19, 2022","Jun 30, 2024",0.3,FC Stade-Lausanne-Ouchy,5499,25,2023_2024
Alban Ajdini,Right Winger,1999-07-09,"1,80m",right,"Jul 1, 2021","Jun 15, 2025",1.5,FC Stade-Lausanne-Ouchy,5499,24,2023_2024
Vitalie Damaşcan,Centre-Forward,1999-01-24,"1,80m",right,"Jan 15, 2024","Jun 30, 2024",0.5,FC Stade-Lausanne-Ouchy,5499,25,2023_2024
Gabriel Kyeremateng,Centre-Forward,1999-04-28,"1,83m",right,"Jan 5, 2024","Jun 30, 2024",0.4,FC Stade-Lausanne-Ouchy,5499,24,2023_2024
Charles Abi,Centre-Forward,2000-04-12,"1,86m",left,"Feb 6, 2023",-,0.3,FC Stade-Lausanne-Ouchy,5499,23,2023_2024
Nathan Garcia ,Centre-Forward,1999-11-22,"1,76m",left,"Jul 1, 2022","Jun 30, 2024",0.3,FC Stade-Lausanne-Ouchy,5499,24,2023_2024
Marvin Keller,Goalkeeper,2002-07-03,"1,89m",right,"Sep 13, 2023","Jun 30, 2024",1.5,FC Winterthur,242,21,2023_2024
Markus Kuster,Goalkeeper,1994-02-22,"1,95m",right,"Jan 1, 2023","Jun 30, 2025",0.4,FC Winterthur,242,30,2023_2024
Armin Abaz,Goalkeeper,2002-03-27,"1,87m",right,"Jul 1, 2022","Jun 30, 2024",0.1,FC Winterthur,242,22,2023_2024
Basil Stillhart,Centre-Back,1994-03-24,"1,77m",right,"Jul 1, 2023","Jun 30, 2026",0.5,FC Winterthur,242,30,2023_2024
Remo Arnold,Centre-Back,1997-01-17,"1,90m",right,"Jan 1, 2020","Jun 30, 2026",0.4,FC Winterthur,242,27,2023_2024
Yannick Schmid,Centre-Back,1995-05-11,"1,84m",right,"Jul 27, 2022","Jun 30, 2026",0.3,FC Winterthur,242,28,2023_2024
Loïc Lüthi,Centre-Back,2003-09-30,"1,87m",right,"Jul 1, 2023","Jun 30, 2025",0.1,FC Winterthur,242,20,2023_2024
Granit Lekaj ,Centre-Back,1990-02-23,"1,86m",right,"Jul 1, 2018","Jun 30, 2025",0.1,FC Winterthur,242,34,2023_2024
Souleymane Diaby,Left-Back,1999-10-08,"1,73m",left,"Jul 3, 2021","Jun 30, 2025",0.8,FC Winterthur,242,24,2023_2024
Tobias Schättin ,Left-Back,1997-06-05,"1,85m",left,"Jul 1, 2021","Jun 30, 2025",0.3,FC Winterthur,242,26,2023_2024
Adrian Gantenbein,Right-Back,2001-04-18,"1,83m",right,"Aug 14, 2020","Jun 30, 2025",0.8,FC Winterthur,242,22,2023_2024
Silvan Sidler,Right-Back,1998-07-07,"1,85m",right,"Jul 1, 2023","Jun 30, 2025",0.4,FC Winterthur,242,25,2023_2024
Michael Gonçalves,Right-Back,1995-03-10,"1,74m",right,"Aug 26, 2020","Jun 30, 2024",0.2,FC Winterthur,242,29,2023_2024
Adrian Durrer,Defensive Midfield,2001-07-13,"1,88m",right,"Feb 14, 2024","Jun 30, 2024",0.2,FC Winterthur,242,22,2023_2024
Thibault Corbaz,Defensive Midfield,1994-01-07,"1,80m",right,"Jul 9, 2021","Jun 30, 2024",0.1,FC Winterthur,242,30,2023_2024
Alexandre Jankewitz ,Central Midfield,2001-12-25,"1,85m",right,"Jul 1, 2023","Jun 30, 2024",1.0,FC Winterthur,242,22,2023_2024
Musa Araz ,Central Midfield,1994-01-17,"1,73m",left,"Jul 17, 2023","Jun 30, 2025",0.3,FC Winterthur,242,30,2023_2024
Luca Zuffi ,Central Midfield,1990-03-27,"1,82m",left,"Jul 1, 2023","Jun 30, 2025",0.1,FC Winterthur,242,34,2023_2024
Carmine Chiappetta,Left Midfield,2003-03-09,"1,75m",right,"Jul 1, 2023",-,0.2,FC Winterthur,242,21,2023_2024
Matteo Di Giusto,Attacking Midfield,2000-08-18,"1,68m",right,"Jul 1, 2022","Jun 30, 2026",1.5,FC Winterthur,242,23,2023_2024
Randy Schneider,Attacking Midfield,2001-08-27,"1,70m",right,"Jul 1, 2023","Jun 30, 2026",0.8,FC Winterthur,242,22,2023_2024
Francisco Rodríguez ,Attacking Midfield,1995-09-14,"1,77m",right,"Jul 1, 2022","Jun 30, 2024",0.1,FC Winterthur,242,28,2023_2024
Sayfallah Ltaief,Left Winger,2000-04-22,"1,78m",right,"Jan 1, 2023","Jun 30, 2024",1.5,FC Winterthur,242,23,2023_2024
Boubacar Fofana,Left Winger,1998-09-07,"1,82m",left,"Jan 7, 2024","Jun 30, 2026",0.8,FC Winterthur,242,25,2023_2024
Nishan Burkart,Left Winger,2000-01-31,"1,74m",right,"Jul 1, 2023","Jun 30, 2026",0.8,FC Winterthur,242,24,2023_2024
Antoine Baroan,Centre-Forward,2000-06-24,"1,88m",left,"Feb 2, 2024","Jun 30, 2027",1.6,FC Winterthur,242,23,2023_2024
Aldin Turkes,Centre-Forward,1996-04-22,"1,93m",left,"Jul 1, 2023","Jun 30, 2025",0.4,FC Winterthur,242,27,2023_2024
Roman Buess ,Centre-Forward,1992-09-21,"1,83m",left,"Jul 1, 2019","Jun 30, 2024",0.1,FC Winterthur,242,31,2023_2024
