Name,Position,Birthdate,Height,Foot,ContractBegin,ContractEnd,Value,Club,Club_Number,Age
Marwin Hitz,Goalkeeper,1987-09-18,"1,94m",right,2022-07-01,2025-06-30,0.2,FC Basel 1893,26,36
Mirko Salvi,Goalkeeper,1994-02-14,"1,88m",right,2022-07-01,2024-06-30,0.1,FC Basel 1893,26,30
Nils de Mol ,Goalkeeper,2001-05-03,"1,83m",right,2022-07-01,2024-06-30,0.1,FC Basel 1893,26,22
Adrian Leon Barisic ,Centre-Back,2001-07-19,"1,92m",right,2023-08-18,2027-06-30,2.0,FC Basel 1893,26,22
Nicolas Vouilloz,Centre-Back,2001-05-11,"1,84m",right,2024-01-05,2028-06-30,1.9,FC Basel 1893,26,22
Arnau Comas ,Centre-Back,2000-04-11,"1,91m",right,2022-07-01,2026-06-30,1.0,FC Basel 1893,26,23
Finn van Breemen,Centre-Back,2003-02-25,"1,93m",left,2023-07-01,2027-06-30,1.0,FC Basel 1893,26,21
Marvin Akahomen,Centre-Back,2007-07-15,"1,86m",left,2024-03-14,2026-12-31,0.3,FC Basel 1893,26,16
Jonas Adjetey,Centre-Back,2003-12-13,"1,88m",right,2022-08-03,,0.2,FC Basel 1893,26,20
Dominik Schmid,Left-Back,1998-03-10,"1,82m",left,2023-07-20,2026-06-30,2.0,FC Basel 1893,26,26
Hugo Vogel,Left-Back,2004-01-04,"1,77m",left,2022-07-01,2026-06-30,0.2,FC Basel 1893,26,20
Sergio López ,Right-Back,1999-04-08,"1,79m",right,2021-07-01,2024-06-30,1.0,FC Basel 1893,26,24
Mohamed Dräger ,Right-Back,1996-06-25,"1,81m",right,2023-08-25,2026-06-30,0.6,FC Basel 1893,26,27
Kevin Rüegg,Right-Back,1998-08-05,"1,73m",right,2023-09-06,2024-06-30,0.5,FC Basel 1893,26,25
Michael Lang,Right-Back,1991-02-08,"1,85m",right,2021-07-19,2025-06-30,0.1,FC Basel 1893,26,33
Renato Veiga ,Defensive Midfield,2003-07-29,"1,90m",left,2023-08-28,2027-06-30,3.0,FC Basel 1893,26,20
Leon Avdullahu,Defensive Midfield,2004-02-23,"1,85m",right,2023-07-21,2028-06-30,2.0,FC Basel 1893,26,20
Taulant Xhaka,Defensive Midfield,1991-03-28,"1,72m",right,2010-07-01,2027-06-30,0.2,FC Basel 1893,26,33
Fabian Frei ,Defensive Midfield,1989-01-08,"1,83m",right,2018-01-01,2024-06-30,0.1,FC Basel 1893,26,35
Gabriel Sigua,Central Midfield,2005-06-30,"1,90m",right,2023-07-25,2028-06-30,2.5,FC Basel 1893,26,18
Emmanuel Essiam ,Central Midfield,2003-12-19,"1,83m",right,2022-01-03,2026-06-30,0.8,FC Basel 1893,26,20
Benjamin Kololli ,Left Midfield,1992-05-15,"1,84m",right,2024-01-01,2025-06-30,0.2,FC Basel 1893,26,31
Dion Kacuri,Attacking Midfield,2004-02-11,"1,88m",left,2024-02-07,2028-06-30,1.0,FC Basel 1893,26,20
Adriano Onyegbule,Attacking Midfield,2006-06-23,"1,84m",right,2022-07-01,2025-06-30,0.5,FC Basel 1893,26,17
Anton Kade,Left Winger,2004-01-17,"1,85m",right,2022-07-01,2026-06-30,1.2,FC Basel 1893,26,20
Junior Zé,Left Winger,2006-03-22,"1,78m",right,2023-07-21,,0.7,FC Basel 1893,26,18
Juan Carlos Gauto,Right Winger,2004-06-02,"1,72m",right,2023-08-28,2028-06-30,3.2,FC Basel 1893,26,19
Yusuf Demir ,Right Winger,2003-06-02,"1,71m",left,2023-08-16,2024-06-30,3.0,FC Basel 1893,26,20
Axel Kayombo,Right Winger,2006-02-25,"1,86m",right,2023-07-21,2025-06-30,0.15,FC Basel 1893,26,18
Thierno Barry,Centre-Forward,2002-10-21,"1,95m",right,2023-07-03,2027-06-30,2.5,FC Basel 1893,26,21
Djordje Jovanovic ,Centre-Forward,1999-02-15,"1,87m",right,2023-08-17,2027-06-30,2.0,FC Basel 1893,26,25
Maurice Malone,Centre-Forward,2000-08-17,"1,87m",left,2023-08-11,2027-06-30,1.5,FC Basel 1893,26,23
Roméo Beney,Centre-Forward,2005-01-19,"1,87m", ,2024-01-09,2027-06-30,0.7,FC Basel 1893,26,19
Jean-Kévin Augustin,Centre-Forward,1997-06-16,"1,79m",right,2022-07-01,2025-06-30,0.5,FC Basel 1893,26,26
Albian Ajeti ,Centre-Forward,1997-02-26,"1,81m",right,2024-02-01,2025-06-30,0.5,FC Basel 1893,26,27
Andrin Hunziker ,Centre-Forward,2003-02-21,"1,92m",right,2021-07-01,2026-06-30,0.4,FC Basel 1893,26,21
Joël Mall,Goalkeeper,1991-04-05,"1,97m",right,2023-07-01,2025-06-30,0.5,Servette FC,61,33
Jérémy Frick,Goalkeeper,1993-03-08,"1,92m",left,2016-07-01,2027-06-30,0.5,Servette FC,61,31
Léo Besson,Goalkeeper,2002-10-27,"1,87m",right,2023-04-08,2026-06-30,0.1,Servette FC,61,21
Yoan Severin,Centre-Back,1997-01-24,"1,86m",left,2018-07-17,2026-06-30,1.5,Servette FC,61,27
Dylan Bronn,Centre-Back,1995-06-19,"1,86m",right,2024-02-15,2024-06-30,1.5,Servette FC,61,28
Omar Rekik ,Centre-Back,2001-12-20,"1,88m",right,2024-02-01,2024-06-30,0.5,Servette FC,61,22
Jérôme Onguéné,Centre-Back,1997-12-22,"1,86m",right,2023-08-04,2024-06-30,0.5,Servette FC,61,26
Anthony Baron ,Centre-Back,1992-12-29,"1,80m",left,2022-07-20,2024-06-30,0.3,Servette FC,61,31
Steve Rouiller ,Centre-Back,1990-07-10,"1,83m",right,2018-07-01,2025-06-30,0.2,Servette FC,61,33
Bradley Mazikou,Left-Back,1996-06-02,"1,72m",right,2023-07-01,2025-06-30,1.4,Servette FC,61,27
Valton Behrami,Left-Back,2004-03-16,"1,82m",left,2022-10-31,2025-06-30,0.1,Servette FC,61,20
Keigo Tsunemoto,Right-Back,1998-10-21,"1,73m",right,2023-07-15,2026-06-30,2.0,Servette FC,61,25
Théo Magnin,Right-Back,2003-08-09,"1,71m",right,2021-02-23,2024-06-30,0.5,Servette FC,61,20
Issa Kaloga,Right-Back,2004-02-27,"1,82m",right,2023-07-01,2026-06-30,0.2,Servette FC,61,20
Gaël Ondoua,Defensive Midfield,1995-11-04,"1,87m",left,2023-07-20,2025-06-30,0.9,Servette FC,61,28
David Douline,Defensive Midfield,1993-05-28,"1,81m",right,2021-07-01,2025-06-30,0.7,Servette FC,61,30
Timothé Cognat,Central Midfield,1998-01-25,"1,73m",right,2019-07-01,2026-06-30,3.5,Servette FC,61,26
Samba Diba,Central Midfield,2003-12-24,"1,90m",right,2022-07-01,2025-06-30,0.5,Servette FC,61,20
Bendegúz Bolla,Right Midfield,1999-11-22,"1,79m",right,2023-08-29,2024-06-30,2.1,Servette FC,61,24
Alexis Antunes,Attacking Midfield,2000-07-31,"1,81m",right,2017-07-01,2026-06-30,2.3,Servette FC,61,23
Dereck Kutesa,Left Winger,1997-12-06,"1,77m",right,2022-08-30,2025-06-30,2.0,Servette FC,61,26
Tiemoko Ouattara,Left Winger,2005-05-25,"1,78m",right,2023-07-01,2027-06-30,0.3,Servette FC,61,18
Miroslav Stevanovic,Right Winger,1990-07-29,"1,80m",right,2017-07-24,2025-06-30,0.8,Servette FC,61,33
Alexander Lyng,Right Winger,2004-11-26,"1,77m",right,2023-07-01,2026-06-30,0.5,Servette FC,61,19
Takuma Nishimura,Second Striker,1996-10-22,"1,78m",right,2024-02-10,2024-06-30,1.2,Servette FC,61,27
Jérémy Guillemenot,Centre-Forward,1998-01-06,"1,84m",right,2023-07-01,2026-06-30,1.0,Servette FC,61,26
Enzo Crivelli,Centre-Forward,1995-02-06,"1,84m",right,2022-08-30,2025-06-30,0.9,Servette FC,61,29
Bassirou N'Diaye ,Centre-Forward,2002-02-15,"1,81m",right,2024-02-02,2024-06-30,0.3,Servette FC,61,22
Alexandre Patrício,Centre-Forward,2004-02-17,"1,79m",right,2022-08-26,2025-06-30,0.1,Servette FC,61,20
Anthony Racioppi,Goalkeeper,1998-12-31,"1,89m",right,2022-01-10,2025-06-30,1.7,BSC Young Boys,452,25
David von Ballmoos,Goalkeeper,1994-12-30,"1,92m",right,2013-07-01,2025-06-30,1.5,BSC Young Boys,452,29
Dario Marzino,Goalkeeper,1996-09-19,"1,84m",right,2022-07-08,2024-06-30,0.1,BSC Young Boys,452,27
Aurèle Amenda,Centre-Back,2003-07-31,"1,97m",right,2024-01-25,2024-06-30,8.0,BSC Young Boys,452,20
Mohamed Camara,Centre-Back,1997-08-28,"1,93m",right,2018-07-06,2026-06-30,3.5,BSC Young Boys,452,26
Anel Husic,Centre-Back,2001-03-01,"1,86m",left,2024-02-15,2027-06-30,0.8,BSC Young Boys,452,23
Loris Benito ,Centre-Back,1992-01-07,"1,86m",left,2022-07-04,2025-06-30,0.2,BSC Young Boys,452,32
Fabian Lustenberger  ,Centre-Back,1988-05-02,"1,82m",right,2019-07-01,2024-06-30,0.1,BSC Young Boys,452,35
Jaouen Hadjam,Left-Back,2003-03-26,"1,85m",left,2024-01-19,2028-06-30,1.5,BSC Young Boys,452,21
Noah Persson,Left-Back,2003-07-16,"1,84m",left,2023-02-07,2027-06-30,1.2,BSC Young Boys,452,20
Lewin Blum,Right-Back,2001-07-27,"1,81m",right,2021-07-01,2027-06-30,2.5,BSC Young Boys,452,22
Saidy Janko,Right-Back,1995-10-22,"1,81m",right,2023-07-01,2027-06-30,0.8,BSC Young Boys,452,28
Cheikh Niasse,Defensive Midfield,2000-01-19,"1,88m",right,2022-02-03,2026-06-30,3.5,BSC Young Boys,452,24
Sandro Lauper,Defensive Midfield,1996-10-25,"1,85m",right,2018-07-01,2025-06-30,1.0,BSC Young Boys,452,27
Lukasz Lakomy,Central Midfield,2001-01-18,"1,81m",left,2023-07-01,2028-06-30,2.0,BSC Young Boys,452,23
Darian Males,Right Midfield,2001-05-03,"1,88m",left,2023-07-19,2027-06-30,3.7,BSC Young Boys,452,22
Filip Ugrinic ,Left Midfield,1999-01-05,"1,84m",right,2022-07-01,2026-06-30,5.5,BSC Young Boys,452,25
Kastriot Imeri ,Left Midfield,2000-06-27,"1,78m",right,2022-08-16,2026-06-30,4.0,BSC Young Boys,452,23
Joel Mvuka,Right Winger,2002-11-12,"1,76m",right,2024-01-20,2024-06-30,4.0,BSC Young Boys,452,21
Ebrima Colley,Right Winger,2000-02-01,"1,80m",right,2023-09-01,2024-06-30,2.6,BSC Young Boys,452,24
Malik Deme,Right Winger,2005-03-16,"1,82m",right,2023-07-01,2027-06-30,0.4,BSC Young Boys,452,19
Meschack Elia,Centre-Forward,1997-08-06,"1,73m",right,2020-02-14,2026-06-30,8.0,BSC Young Boys,452,26
Cedric Itten,Centre-Forward,1996-12-27,"1,90m",right,2022-07-01,2027-06-30,3.0,BSC Young Boys,452,27
Joël Monteiro,Centre-Forward,1999-08-05,"1,91m",right,2021-03-01,2026-06-30,3.0,BSC Young Boys,452,24
Silvere Ganvoula,Centre-Forward,1996-06-29,"1,91m",right,2023-07-01,2026-06-30,0.6,BSC Young Boys,452,27
Amir Saipi,Goalkeeper,2000-07-08,"1,94m",right,2021-09-10,2026-06-30,2.5,FC Lugano,2790,23
Serif Berbic,Goalkeeper,2001-11-25,"1,94m",right,2022-08-04,2026-06-30,0.1,FC Lugano,2790,22
Fotis Pseftis,Goalkeeper,2003-01-19,"1,91m",right,2023-07-11,2025-06-30,0.1,FC Lugano,2790,21
Sebastian Osigwe,Goalkeeper,1994-03-26,"1,85m",right,2020-08-20,2026-06-30,0.1,FC Lugano,2790,30
Albian Hajdari,Centre-Back,2003-05-18,"1,89m",left,2023-04-01,2027-06-30,2.5,FC Lugano,2790,20
Lukas Mai,Centre-Back,2000-03-31,"1,88m",right,2022-07-01,2025-06-30,2.5,FC Lugano,2790,24
Kreshnik Hajrizi ,Centre-Back,1999-05-28,"1,85m",right,2021-07-01,2024-06-30,1.2,FC Lugano,2790,24
Ayman El Wafi,Centre-Back,2004-05-11,"1,89m",right,2023-07-01,2027-06-30,1.0,FC Lugano,2790,19
Leonid Srdic,Centre-Back,2002-01-23,"1,85m",right,2021-07-27,2024-06-30,0.1,FC Lugano,2790,22
Noah De Queiroz,Centre-Back,2002-12-10,"1,82m",right,,2024-06-30,0.1,FC Lugano,2790,21
Martim Marques,Left-Back,2004-02-11,"1,73m",left,2023-07-01,2027-06-30,1.5,FC Lugano,2790,20
Milton Valenzuela ,Left-Back,1998-08-13,"1,70m",left,2022-01-30,2025-06-30,1.2,FC Lugano,2790,25
Jhon Espinoza,Right-Back,1999-02-24,"1,80m",right,2023-01-01,2024-06-30,0.8,FC Lugano,2790,25
Justin Reynolds,Right-Back,2004-04-08,"1,78m",right,2024-03-12,2024-06-30,0.1,FC Lugano,2790,19
Mohamed Belhadj Mahmoud ,Defensive Midfield,2000-04-24,"1,79m",right,2021-08-25,2026-06-30,2.0,FC Lugano,2790,23
Ousmane Doumbia,Defensive Midfield,1992-05-21,"1,74m",right,2022-07-01,2026-06-30,0.8,FC Lugano,2790,31
Ilija Maslarov,Defensive Midfield,2007-01-02,"1,81m",right,,2024-06-30,0.2,FC Lugano,2790,17
Johan Nkama,Defensive Midfield,1998-01-07,"1,89m",left,2017-07-01,2025-06-30,0.1,FC Lugano,2790,26
Uran Bislimi ,Central Midfield,1999-09-25,"1,83m",right,2022-07-19,2026-06-30,2.2,FC Lugano,2790,24
Roman Macek,Central Midfield,1997-04-18,"1,88m",right,2019-01-27,2025-06-30,0.8,FC Lugano,2790,26
Anto Grgic,Central Midfield,1996-11-28,"1,89m",right,2023-07-01,2027-06-30,0.8,FC Lugano,2790,27
Jonathan Sabbatini ,Central Midfield,1988-03-31,"1,75m",right,2012-08-27,2024-06-30,0.1,FC Lugano,2790,36
Abel Marc,Central Midfield,2001-04-19,"1,72m",right,2021-07-15,2024-06-30,0.1,FC Lugano,2790,22
Gianluca Pizzagalli,Right Midfield,2003-03-10,"1,77m",right,,2024-06-30,0.1,FC Lugano,2790,21
Yanis Cimignani,Left Midfield,2002-01-22,"1,76m",left,2023-07-01,2027-06-30,2.3,FC Lugano,2790,22
Mattia Bottani ,Attacking Midfield,1991-05-24,"1,70m",right,2017-08-18,2025-06-30,0.3,FC Lugano,2790,32
Ignacio Aliseda,Left Winger,2000-03-14,"1,68m",left,2022-01-01,2025-06-30,3.0,FC Lugano,2790,24
Renato Steffen ,Right Winger,1991-11-03,"1,70m",left,2022-08-30,2025-06-30,1.0,FC Lugano,2790,32
Hicham Mahou,Right Winger,1999-07-02,"1,79m",right,2022-07-04,2026-06-30,0.7,FC Lugano,2790,24
Zan Celar,Centre-Forward,1999-03-14,"1,86m",right,2021-08-27,2025-06-30,4.0,FC Lugano,2790,25
Shkelqim Vladi,Centre-Forward,2000-09-21,"1,86m",right,2023-07-01,2027-06-30,1.6,FC Lugano,2790,23
Kacper Przybylko,Centre-Forward,1993-03-25,"1,92m",right,2024-02-15,2025-06-30,1.2,FC Lugano,2790,31
Boris Babic,Centre-Forward,1997-11-10,"1,80m",right,2022-07-05,2025-06-30,0.3,FC Lugano,2790,26
Giovanni D'Agostino,Centre-Forward,2004-08-27,-,right,2023-07-01,2024-06-30,0.1,FC Lugano,2790,19
Karlo Letica,Goalkeeper,1997-02-11,"2,01m",right,2023-08-24,2025-06-30,0.8,FC Lausanne-Sport,527,27
Thomas Castella,Goalkeeper,1993-06-30,"1,85m",right,2012-07-01,2028-06-30,0.2,FC Lausanne-Sport,527,30
Raphael Spiegel,Goalkeeper,1992-12-19,"1,97m",right,2022-07-01,,0.2,FC Lausanne-Sport,527,31
Gábor Szalai,Centre-Back,2000-06-09,"1,91m",left,2024-01-07,2028-06-30,1.0,FC Lausanne-Sport,527,23
Noë Dussenne,Centre-Back,1992-04-07,"1,92m",right,2023-07-01,2026-06-30,0.6,FC Lausanne-Sport,527,31
Berkay Dabanli,Centre-Back,1990-06-27,"1,90m",left,2022-07-05,2024-06-30,0.2,FC Lausanne-Sport,527,33
Mickaël Nanizayamo,Centre-Back,1998-05-08,"1,91m",left,2018-07-01,2024-06-30,0.2,FC Lausanne-Sport,527,25
Simone Grippo,Centre-Back,1988-12-12,"1,88m",right,2021-08-29,2024-06-30,0.1,FC Lausanne-Sport,527,35
Morgan Poaty,Left-Back,1997-07-15,"1,77m",left,2023-08-22,,0.5,FC Lausanne-Sport,527,26
Chris Kablan,Left-Back,1994-11-30,"1,76m",right,2023-01-24,2024-06-30,0.2,FC Lausanne-Sport,527,29
Haithem Loucif,Right-Back,1996-07-08,"1,77m",right,2024-02-08,2024-06-30,0.6,FC Lausanne-Sport,527,27
Raoul Giger,Right-Back,1997-10-29,"1,80m",right,2022-07-01,2025-06-30,0.5,FC Lausanne-Sport,527,26
Jamie Roche,Defensive Midfield,2001-04-05,"1,91m",left,2023-07-25,2027-06-30,1.5,FC Lausanne-Sport,527,23
Olivier Custodio ,Defensive Midfield,1995-02-10,"1,80m",right,2022-07-01,,0.4,FC Lausanne-Sport,527,29
Maxen Kapo,Defensive Midfield,2001-01-19,"1,92m",right,2021-07-01,2025-06-30,0.1,FC Lausanne-Sport,527,23
Antoine Bernede,Central Midfield,1999-05-26,"1,78m",right,2023-07-01,2026-06-30,2.8,FC Lausanne-Sport,527,24
Alvyn Sanches,Central Midfield,2003-02-12,"1,80m",left,2020-11-13,2026-06-30,2.5,FC Lausanne-Sport,527,21
Stjepan Kukuruzovic,Central Midfield,1989-06-07,"1,80m",left,2018-08-29,2024-06-30,0.1,FC Lausanne-Sport,527,34
Donat Rrudhani,Right Midfield,1999-05-02,"1,88m",left,2024-02-06,2024-06-30,0.6,FC Lausanne-Sport,527,24
Simone Pafundi,Attacking Midfield,2006-03-14,"1,66m",left,2024-01-25,2024-12-31,10.0,FC Lausanne-Sport,527,18
Rares Ilie,Left Winger,2003-04-19,"1,85m",right,2023-07-01,2024-06-30,3.3,FC Lausanne-Sport,527,20
Trae Coyle ,Left Winger,2001-01-11,"1,79m",right,2021-07-01,2024-06-30,0.4,FC Lausanne-Sport,527,23
Samuel Kalu,Right Winger,1997-08-26,"1,77m",right,2023-09-07,2024-06-30,2.5,FC Lausanne-Sport,527,26
Fousseni Diabaté,Right Winger,1995-10-18,"1,78m",left,2023-09-07,2025-06-30,1.5,FC Lausanne-Sport,527,28
Kaly Sène,Centre-Forward,2001-05-28,"1,80m",right,2023-07-01,2026-06-30,2.5,FC Lausanne-Sport,527,22
Brighton Labeau,Centre-Forward,1996-01-01,"1,83m",right,2022-07-01,,0.7,FC Lausanne-Sport,527,28
Seydou Traoré,Centre-Forward,2004-12-05,"1,85m",right,2023-07-01,2027-06-30,0.1,FC Lausanne-Sport,527,19
Pascal Loretz,Goalkeeper,2003-06-01,"1,91m",right,2021-07-01,2027-06-30,4.0,FC Luzern,434,20
Diego Heller ,Goalkeeper,2004-11-20,"1,80m",right,2023-07-20,2026-06-30,0.1,FC Luzern,434,19
Vaso Vasic,Goalkeeper,1990-04-26,"1,87m",right,2021-07-01,2025-06-30,0.1,FC Luzern,434,33
Luca Jaquez,Centre-Back,2003-06-02,"1,87m",right,2022-01-27,2026-06-30,1.2,FC Luzern,434,20
Ismajl Beka ,Centre-Back,1999-10-31,"1,97m",left,2022-08-31,2026-06-30,1.1,FC Luzern,434,24
Jesper Löfgren,Centre-Back,1997-05-03,"1,94m",right,2024-01-18,2024-06-30,0.6,FC Luzern,434,26
Mauricio Willimann,Centre-Back,2003-01-16,"1,83m",right,2023-07-01,2026-06-30,0.3,FC Luzern,434,21
Denis Simani,Centre-Back,1991-10-13,"1,87m",left,2022-01-05,2024-06-30,0.2,FC Luzern,434,32
Serkan Izmirlioglu,Centre-Back,1998-07-10,"1,84m",right,2022-01-26,2024-06-30,0.1,FC Luzern,434,25
Martin Frydek,Left-Back,1992-03-24,"1,79m",left,2020-10-12,2024-06-30,0.4,FC Luzern,434,32
Leny Meyer,Left-Back,2004-07-01,"1,82m",left,2022-07-01,2025-06-30,0.2,FC Luzern,434,19
Severin Ottiger,Right-Back,2003-04-20,"1,83m",right,2021-07-01,2027-06-30,1.5,FC Luzern,434,20
Dario Ulrich,Right-Back,1998-03-12,"1,73m",right,2023-07-01,2025-06-30,0.3,FC Luzern,434,26
Ardon Jashari ,Defensive Midfield,2002-07-30,"1,81m",left,2022-01-27,2026-06-30,6.0,FC Luzern,434,21
Nicky Beloko,Central Midfield,2000-02-16,"1,84m",right,2022-07-06,2025-06-30,2.0,FC Luzern,434,24
Nicolas Haas,Central Midfield,1996-01-23,"1,78m",right,2023-09-03,2024-06-30,0.9,FC Luzern,434,28
Noah Rupp,Central Midfield,2003-08-13,"1,84m",left,2021-10-08,2024-06-30,0.2,FC Luzern,434,20
Pius Dorn,Right Midfield,1996-09-24,"1,79m",right,2022-07-01,2026-06-30,1.5,FC Luzern,434,27
Max Meyer,Attacking Midfield,1995-09-18,"1,73m",right,2022-08-24,2024-06-30,2.0,FC Luzern,434,28
Jakub Kadák,Attacking Midfield,2000-12-14,"1,77m",right,2022-07-19,2026-06-30,0.9,FC Luzern,434,23
Samuele Campo,Attacking Midfield,1995-07-06,"1,77m",left,2021-07-02,2024-06-30,0.1,FC Luzern,434,28
Samuel Alabi ,Attacking Midfield,2000-05-06,"1,70m",right,2020-09-24,2024-06-30,0.1,FC Luzern,434,23
Sofyan Chader ,Left Winger,2000-05-12,"1,78m",right,2022-08-11,2025-06-30,1.0,FC Luzern,434,23
Kevin Spadanuda ,Left Winger,1997-01-16,"1,77m",right,2023-07-01,2026-06-30,0.3,FC Luzern,434,27
Luuk Breedijk,Left Winger,2004-02-20,"1,85m",right,2023-01-26,2026-06-30,0.3,FC Luzern,434,20
Teddy Okou,Right Winger,1998-05-15,"1,66m",left,2023-07-01,2026-06-30,0.8,FC Luzern,434,25
Lars Villiger,Centre-Forward,2003-04-29,"1,90m",right,2023-04-01,2026-06-30,1.5,FC Luzern,434,20
Adrian Grbic,Centre-Forward,1996-08-04,"1,88m",left,2024-02-05,2024-06-30,1.2,FC Luzern,434,27
Thibault Klidjé,Centre-Forward,2001-07-10,"1,70m",right,2022-08-31,2026-06-30,0.5,FC Luzern,434,22
Kemal Ademi ,Centre-Forward,1996-01-23,"1,97m",right,2023-07-01,2025-06-30,0.5,FC Luzern,434,28
Lawrence Ati Zigi,Goalkeeper,1996-11-29,"1,88m",right,2020-01-24,2025-06-30,2.0,FC St. Gallen 1879,257,27
Lukas Watkowiak,Goalkeeper,1996-03-06,"1,97m",right,2020-08-20,2025-06-30,0.2,FC St. Gallen 1879,257,28
Bela Dumrath,Goalkeeper,2003-11-18,"1,98m",right,2022-07-01,2024-06-30,0.1,FC St. Gallen 1879,257,20
Albert Vallci,Centre-Back,1995-07-02,"1,91m",right,2022-08-04,2025-06-30,1.0,FC St. Gallen 1879,257,28
Jozo Stanic ,Centre-Back,1999-04-06,"1,84m",right,2023-09-02,2025-06-30,0.7,FC St. Gallen 1879,257,25
Abdoulaye Diaby,Centre-Back,2000-07-04,"1,98m",right,2023-07-01,2025-06-30,0.7,FC St. Gallen 1879,257,23
Justin Janitzek,Centre-Back,2004-02-10,"1,92m",right,2023-07-01,2024-06-30,0.2,FC St. Gallen 1879,257,20
Musah Nuhu,Centre-Back,1997-01-17,"1,95m",right,2019-07-01,2024-06-30,0.1,FC St. Gallen 1879,257,27
Isaac Schmidt,Left-Back,1999-12-07,"1,72m",right,2021-07-01,2026-06-30,1.4,FC St. Gallen 1879,257,24
Chima Okoroji,Left-Back,1997-04-19,"1,78m",left,2023-07-22,2025-06-30,1.0,FC St. Gallen 1879,257,26
Mattia Zanotti,Right-Back,2003-01-11,"1,75m",right,2023-07-03,2024-06-30,3.0,FC St. Gallen 1879,257,21
Patrick Sutter,Right-Back,1999-01-18,"1,72m",right,2021-07-01,2024-06-30,0.3,FC St. Gallen 1879,257,25
Jordi Quintillà,Defensive Midfield,1993-10-25,"1,81m",left,2022-01-22,2025-06-30,1.0,FC St. Gallen 1879,257,30
Betim Fazliji ,Defensive Midfield,1999-04-25,"1,86m",right,2023-07-01,2027-06-30,0.7,FC St. Gallen 1879,257,24
Corsin Konietzke,Defensive Midfield,2006-06-21,"1,85m",right,,2024-06-30,0.2,FC St. Gallen 1879,257,17
Bastien Toma,Central Midfield,1999-06-24,"1,74m",right,2023-09-07,2025-06-30,1.0,FC St. Gallen 1879,257,24
Mihailo Stevanovic,Central Midfield,2002-01-04,"1,86m",right,2023-07-01,2025-06-30,0.8,FC St. Gallen 1879,257,22
Lukas Görtler ,Right Midfield,1994-06-15,"1,86m",right,2019-07-08,2026-06-30,2.0,FC St. Gallen 1879,257,29
Christian Witzig,Left Midfield,2001-01-09,"1,78m",right,2021-07-01,2027-06-30,1.7,FC St. Gallen 1879,257,23
Víctor Ruiz,Attacking Midfield,1993-11-02,"1,73m",right,2024-02-14,2024-06-30,0.5,FC St. Gallen 1879,257,30
Grégory Karlen,Attacking Midfield,1995-01-30,"1,87m",right,2022-08-03,2025-06-30,0.2,FC St. Gallen 1879,257,29
Richard van der Venne ,Attacking Midfield,1992-05-16,"1,73m",left,2023-07-05,2025-06-30,0.1,FC St. Gallen 1879,257,31
Felix Mambimbi ,Left Winger,2001-01-18,"1,71m",right,2023-09-02,2025-06-30,0.5,FC St. Gallen 1879,257,23
Julian Von Moos,Right Winger,2001-04-01,"1,81m",left,2022-01-03,2024-06-30,1.8,FC St. Gallen 1879,257,23
Chadrac Akolo,Right Winger,1995-04-01,"1,72m",right,2022-07-03,2024-06-30,0.9,FC St. Gallen 1879,257,29
Albin Krasniqi,Right Winger,2003-04-06,"1,80m",right,,2024-06-30,0.5,FC St. Gallen 1879,257,21
Willem Geubbels,Centre-Forward,2001-08-16,"1,85m",right,2023-01-23,2025-06-30,2.5,FC St. Gallen 1879,257,22
Nikolaj Möller ,Centre-Forward,2002-07-20,"1,94m",right,2023-07-01,2027-06-30,0.6,FC St. Gallen 1879,257,21
Fabian Schubert,Centre-Forward,1994-08-29,"1,94m",right,2021-07-01,2024-06-30,0.5,FC St. Gallen 1879,257,29
Jovan Milosevic,Centre-Forward,2005-07-31,"1,90m",right,2024-02-13,2024-06-30,0.5,FC St. Gallen 1879,257,18
Yanick Brecher ,Goalkeeper,1993-05-25,"1,96m",right,2011-07-01,2027-06-30,0.8,FC Zürich,260,30
Zivko Kostadinovic,Goalkeeper,1992-04-10,"1,96m",right,2020-08-03,2025-06-30,0.2,FC Zürich,260,31
Alan Omerovic,Goalkeeper,2002-07-16,"1,85m",right,2023-07-01,2024-06-30,0.1,FC Zürich,260,21
Nikola Katic,Centre-Back,1996-10-10,"1,94m",right,2022-08-31,2026-06-30,1.5,FC Zürich,260,27
Lindrit Kamberi,Centre-Back,1999-10-07,"1,83m",right,2018-07-01,2028-06-30,1.0,FC Zürich,260,24
Silvan Wallner,Centre-Back,2002-01-15,"1,85m",right,2020-08-03,2025-06-30,0.3,FC Zürich,260,22
Fabio Daprelà,Centre-Back,1991-02-19,"1,83m",left,2023-07-01,2025-06-30,0.2,FC Zürich,260,33
Mirlind Kryeziu,Centre-Back,1997-01-26,"1,96m",left,2017-04-11,2025-06-30,0.2,FC Zürich,260,27
Marc Hornschuh,Centre-Back,1991-03-02,"1,88m",right,2021-07-09,2024-06-30,0.1,FC Zürich,260,33
Amadou Dante,Left-Back,2000-10-07,"1,78m",left,2024-02-08,2024-06-30,2.0,FC Zürich,260,23
Ramon Guzzo,Left-Back,2004-07-05,"1,76m",left,2023-01-03,2026-06-30,0.2,FC Zürich,260,19
Rodrigo Conceição,Right-Back,2000-01-02,"1,75m",right,2023-08-17,2027-06-30,1.2,FC Zürich,260,24
Selmin Hodza,Right-Back,2003-05-24,"1,78m",right,2022-09-14,2028-06-30,0.3,FC Zürich,260,20
Cheick Condé,Defensive Midfield,2000-07-26,"1,85m",right,2022-07-01,2027-06-30,3.0,FC Zürich,260,23
Ifeanyi Mathew,Central Midfield,1997-01-20,"1,75m",right,2023-02-15,2025-06-30,1.5,FC Zürich,260,27
Miguel Reichmuth,Central Midfield,2003-10-26,"1,71m",right,2022-09-14,2028-06-30,0.1,FC Zürich,260,20
Nikola Boranijasevic,Right Midfield,1992-05-19,"1,82m",right,2021-07-01,2024-06-30,0.3,FC Zürich,260,31
Adrián Guerrero,Left Midfield,1998-01-28,"1,74m",left,2021-07-01,2024-06-30,1.3,FC Zürich,260,26
Bledian Krasniqi,Attacking Midfield,2001-06-17,"1,73m",right,2018-07-03,2027-06-30,1.0,FC Zürich,260,22
Antonio Marchesano,Attacking Midfield,1991-01-18,"1,68m",right,2015-09-02,2024-06-30,0.3,FC Zürich,260,33
Nils Reichmuth,Attacking Midfield,2002-02-22,"1,75m",right,2020-06-18,2025-06-30,0.3,FC Zürich,260,22
Jonathan Okita,Left Winger,1996-10-05,"1,81m",right,2022-07-01,2025-06-30,2.0,FC Zürich,260,27
Armstrong Oko-Flex,Left Winger,2002-03-02,"1,86m",right,2023-08-14,2025-06-30,0.5,FC Zürich,260,22
Joseph Sabobo,Left Winger,2005-12-17,"1,67m",left,2024-01-16,2028-06-30,0.2,FC Zürich,260,18
Fabian Rohner,Right Winger,1998-08-17,"1,78m",right,2017-01-05,2025-06-30,0.3,FC Zürich,260,25
Daniel Afriyie,Second Striker,2001-06-26,"1,65m",right,2023-01-03,2026-06-30,1.0,FC Zürich,260,22
Junior Ligue,Centre-Forward,2005-03-21,"1,80m",left,2023-01-03,2028-06-30,0.7,FC Zürich,260,19
Labinot Bajrami,Centre-Forward,2005-06-04,"1,87m",right,,2024-06-30,0.4,FC Zürich,260,18
Ivan Santini,Centre-Forward,1989-05-21,"1,90m",right,2022-07-01,2024-06-30,0.1,FC Zürich,260,34
Justin Hammel,Goalkeeper,2000-12-02,"1,87m",right,2022-07-01,2025-06-30,1.0,Grasshopper Club Zurich,504,23
Manuel Kuttin,Goalkeeper,1993-12-17,"1,95m",right,2023-07-01,,0.2,Grasshopper Club Zurich,504,30
Nicolas Glaus,Goalkeeper,2002-05-10,"1,87m",right,2023-07-01,,0.1,Grasshopper Club Zurich,504,21
Steven Deana,Goalkeeper,1990-03-04,"1,90m",right,2024-02-15,,0.1,Grasshopper Club Zurich,504,34
Ayumu Seko,Centre-Back,2000-06-07,"1,85m",right,2022-01-18,2025-06-30,1.7,Grasshopper Club Zurich,504,23
Kristers Tobers ,Centre-Back,2000-12-13,"1,90m",right,2023-07-01,2025-06-30,0.8,Grasshopper Club Zurich,504,23
Maksim Paskotsi,Centre-Back,2003-01-19,"1,88m",right,2023-09-06,2026-06-30,0.5,Grasshopper Club Zurich,504,21
Joshua Laws,Centre-Back,1998-02-26,"1,85m",left,2023-08-15,2025-06-30,0.4,Grasshopper Club Zurich,504,26
Elvir Zukaj,Centre-Back,2002-07-07,"1,94m",right,,,0.1,Grasshopper Club Zurich,504,21
Théo Ndicka Matam,Left-Back,2000-04-20,"1,69m",left,2023-08-29,2025-06-30,0.5,Grasshopper Club Zurich,504,23
Florian Hoxha,Left-Back,2001-02-22,"1,77m",left,2021-07-01,2024-06-30,0.5,Grasshopper Club Zurich,504,23
Michael Kempter ,Left-Back,1995-01-12,"1,81m",left,2023-07-01,2025-06-30,0.3,Grasshopper Club Zurich,504,29
Dirk Abels,Right-Back,1997-06-13,"1,86m",right,2023-07-17,2025-06-30,0.6,Grasshopper Club Zurich,504,26
Liam Bollati,Right-Back,2003-11-09,"1,74m", ,2022-07-06,2024-06-30,0.3,Grasshopper Club Zurich,504,20
Tim Meyer,Defensive Midfield,2004-07-08,"1,83m",right,2023-08-24,2025-06-30,0.4,Grasshopper Club Zurich,504,19
Amir Abrashi ,Defensive Midfield,1990-03-27,"1,72m",right,2021-07-01,2025-06-30,0.2,Grasshopper Club Zurich,504,34
Tsiy Ndenge,Central Midfield,1997-06-13,"1,90m",left,2022-07-01,2025-06-30,1.5,Grasshopper Club Zurich,504,26
Noah Blasucci,Central Midfield,1999-06-19,"1,75m",right,,2024-06-30,0.1,Grasshopper Club Zurich,504,24
Filipe de Carvalho,Left Midfield,2003-12-01,"1,76m",right,2021-01-24,2025-06-30,1.0,Grasshopper Club Zurich,504,20
Robin Kalem,Left Midfield,2002-07-14,"1,81m",right,2020-06-17,2024-06-30,0.2,Grasshopper Club Zurich,504,21
Pascal Schürpf,Left Midfield,1989-07-15,"1,90m",right,2023-07-01,2024-06-30,0.1,Grasshopper Club Zurich,504,34
Dijon Kameri ,Attacking Midfield,2004-04-20,"1,84m",right,2024-02-08,2024-06-30,3.0,Grasshopper Club Zurich,504,19
Giotto Morandi,Attacking Midfield,1999-03-04,"1,81m",left,2019-07-01,2025-06-30,0.8,Grasshopper Club Zurich,504,25
Oliver Batista Meier,Attacking Midfield,2001-02-16,"1,80m",right,2024-02-02,2024-06-30,0.7,Grasshopper Club Zurich,504,23
Meritan Shabani ,Attacking Midfield,1999-03-15,"1,85m",right,2022-07-09,2024-06-30,0.3,Grasshopper Club Zurich,504,25
Awer Mabil ,Left Winger,1995-09-15,"1,78m",right,2023-08-21,2025-06-30,1.3,Grasshopper Club Zurich,504,28
Damian Nigg ,Left Winger,2005-04-12,"1,78m",right,,2024-06-30,0.2,Grasshopper Club Zurich,504,18
Francis Momoh,Centre-Forward,2001-03-25,"1,87m",right,2019-08-01,2024-06-30,0.9,Grasshopper Club Zurich,504,23
Bradley Fink,Centre-Forward,2003-04-17,"1,92m",left,2023-07-20,2024-06-30,0.7,Grasshopper Club Zurich,504,20
Dorian Babunski,Centre-Forward,1996-08-29,"1,86m",right,2023-08-28,2025-06-30,0.6,Grasshopper Club Zurich,504,27
Asumah Abubakar,Centre-Forward,1997-05-10,"1,83m",right,2024-01-29,2025-06-30,0.3,Grasshopper Club Zurich,504,26
Paul Bernardoni,Goalkeeper,1997-04-18,"1,93m",left,2024-01-21,2024-06-30,2.2,Yverdon Sport FC,322,26
Kevin Martin,Goalkeeper,1995-06-13,"1,80m",left,2018-07-01,2024-06-30,0.3,Yverdon Sport FC,322,28
Mirco Mazzeo,Goalkeeper,1999-12-15,"1,91m",right,2022-07-01,2024-06-30,0.1,Yverdon Sport FC,322,24
Breston Malula,Centre-Back,2000-10-31,"1,94m",right,2021-08-30,2025-06-30,0.5,Yverdon Sport FC,322,23
Mohamed Tijani,Centre-Back,1997-07-10,"1,90m",left,2023-07-17,2024-06-30,0.4,Yverdon Sport FC,322,26
Dario Del Fabro,Centre-Back,1995-03-24,"1,90m",right,2023-07-16,2026-06-30,0.4,Yverdon Sport FC,322,29
Christian Marques,Centre-Back,2003-01-15,"1,88m",right,2023-09-07,2025-06-30,0.3,Yverdon Sport FC,322,21
Niklas Gunnarsson,Centre-Back,1991-04-27,"1,88m",right,2023-08-15,2025-06-30,0.2,Yverdon Sport FC,322,32
Dimitrije Kamenovic,Left-Back,2000-07-16,"1,89m",left,2024-02-15,2024-06-30,0.5,Yverdon Sport FC,322,23
William Le Pogam ,Left-Back,1993-03-03,"1,83m",left,2020-08-03,2025-06-30,0.3,Yverdon Sport FC,322,31
Anthony Sauthier ,Right-Back,1991-02-05,"1,85m",right,2022-07-12,2025-06-30,0.2,Yverdon Sport FC,322,33
Luca Jaquenoud ,Right-Back,2002-05-21,"1,81m",right,2021-07-01,2024-06-30,0.1,Yverdon Sport FC,322,21
Boris Céspedes,Defensive Midfield,1995-06-19,"1,81m",right,2023-07-03,2025-06-30,0.6,Yverdon Sport FC,322,28
Samuel Oum Gouet,Defensive Midfield,1997-12-14,"1,85m",right,2023-07-26,2025-06-30,0.5,Yverdon Sport FC,322,26
Néhemie Lusuena,Defensive Midfield,1998-04-29,"1,75m",right,2016-07-01,2024-06-30,0.3,Yverdon Sport FC,322,25
Vladan Vidakovic,Defensive Midfield,1999-03-14,"1,93m",right,2024-01-22,2026-06-30,0.3,Yverdon Sport FC,322,25
Liziero ,Central Midfield,1998-02-07,"1,77m",left,2023-09-06,2024-06-30,1.5,Yverdon Sport FC,322,26
Mathias Olesen,Central Midfield,2001-03-21,"1,88m",both,2024-01-23,2024-06-30,1.2,Yverdon Sport FC,322,23
Dominic Corness ,Central Midfield,2003-05-05,"1,74m",right,2023-07-20,2024-06-30,0.5,Yverdon Sport FC,322,20
Ricardo Alves,Central Midfield,2001-12-02,"1,77m",left,2023-07-17,2025-06-30,0.3,Yverdon Sport FC,322,22
Silva ,Central Midfield,1995-09-07,"1,83m",right,2022-07-12,2025-06-30,0.3,Yverdon Sport FC,322,28
Alan Rodriguez,Central Midfield,2002-07-12,"1,78m",right,2022-07-01,2024-06-30,0.1,Yverdon Sport FC,322,21
Magnus Grødem ,Attacking Midfield,1998-08-14,"1,93m",right,2024-01-16,2026-06-30,1.2,Yverdon Sport FC,322,25
Hugo Fargues,Attacking Midfield,1992-04-16,"1,78m",left,2019-01-04,2024-06-30,0.1,Yverdon Sport FC,322,31
Marley Aké,Left Winger,2001-01-05,"1,78m",right,2024-01-18,2024-06-30,1.6,Yverdon Sport FC,322,23
Mihael Klepac ,Left Winger,1997-09-19,"1,84m",right,2023-07-18,2025-06-30,0.4,Yverdon Sport FC,322,26
Yannick Cotter,Left Winger,2002-01-03,"1,76m",left,2023-08-22,2025-06-30,0.1,Yverdon Sport FC,322,22
Varol Tasar ,Right Winger,1996-10-04,"1,74m",left,2023-07-19,2024-06-30,0.6,Yverdon Sport FC,322,27
Mauro Rodrigues,Right Winger,2001-04-15,"1,78m",right,2022-07-07,2024-06-30,0.4,Yverdon Sport FC,322,22
Johan Kury ,Right Winger,2001-10-07,"1,78m",right,2022-07-25,2025-06-30,0.1,Yverdon Sport FC,322,22
Kevin Carlos,Centre-Forward,2001-04-10,"1,86m",right,2024-01-03,,1.2,Yverdon Sport FC,322,22
Aimen Mahious,Centre-Forward,1997-09-15,"1,85m",right,2023-08-09,2026-06-30,1.0,Yverdon Sport FC,322,26
Christopher Lungoyi,Centre-Forward,2000-07-04,"1,82m",left,2023-08-11,2024-06-30,0.8,Yverdon Sport FC,322,23
Evans Maurin ,Centre-Forward,2001-03-30,"1,79m",left,2023-02-09,,0.4,Yverdon Sport FC,322,23
Jérémy Vachoux,Goalkeeper,1994-07-07,"1,83m",right,2023-07-26,2025-06-15,0.5,FC Stade-Lausanne-Ouchy,5499,29
Dany Da Silva,Goalkeeper,1993-03-02,"1,88m",right,2020-09-03,2025-06-15,0.3,FC Stade-Lausanne-Ouchy,5499,31
Sahmkou Camara,Centre-Back,2003-06-10,"1,93m",right,2023-07-01,2027-06-15,0.5,FC Stade-Lausanne-Ouchy,5499,20
Lucas Pos,Centre-Back,1998-02-16,"1,87m",right,2021-07-07,2025-06-30,0.4,FC Stade-Lausanne-Ouchy,5499,26
Lavdrim Hajrulahu ,Centre-Back,1998-03-07,"1,87m",right,2017-01-01,2024-06-30,0.4,FC Stade-Lausanne-Ouchy,5499,26
Dylan Ouedraogo,Centre-Back,1998-07-22,"1,85m",left,2023-08-08,2025-06-15,0.3,FC Stade-Lausanne-Ouchy,5499,25
Rayan Kadima,Centre-Back,1997-12-15,"1,87m",right,2021-07-01,2025-06-15,0.3,FC Stade-Lausanne-Ouchy,5499,26
Linus Obexer ,Left-Back,1997-06-05,"1,77m",left,2022-07-01,2024-06-30,0.3,FC Stade-Lausanne-Ouchy,5499,26
Michael Heule,Left-Back,2001-04-27,"1,72m",right,2023-07-14,2025-06-15,0.3,FC Stade-Lausanne-Ouchy,5499,22
Marc Fred Tsoungui,Left-Back,2002-07-30,"1,82m",left,2022-07-01,2025-06-30,0.2,FC Stade-Lausanne-Ouchy,5499,21
Ibrahim Diakité ,Right-Back,2003-10-31,"1,80m",right,2024-02-15,2024-06-30,0.9,FC Stade-Lausanne-Ouchy,5499,20
Mohamed Abdallah,Right-Back,1999-04-11,"1,67m",right,2021-07-03,2024-06-30,0.4,FC Stade-Lausanne-Ouchy,5499,24
Lamine Gassama,Right-Back,1989-10-20,"1,80m",right,2022-07-12,2024-06-30,0.1,FC Stade-Lausanne-Ouchy,5499,34
Giovani Bamba,Defensive Midfield,1999-07-02,"1,92m",right,2020-08-25,2024-06-30,0.4,FC Stade-Lausanne-Ouchy,5499,24
Valon Hamdiu,Defensive Midfield,1998-06-10,"1,87m",right,2023-07-01,2025-06-15,0.3,FC Stade-Lausanne-Ouchy,5499,25
Romain Bayard,Defensive Midfield,1993-10-15,"1,67m",right,2021-07-27,2025-06-30,0.2,FC Stade-Lausanne-Ouchy,5499,30
Edmond Akichi,Defensive Midfield,1990-04-24,"1,78m",right,2022-07-14,2024-06-30,0.2,FC Stade-Lausanne-Ouchy,5499,33
Mischa Eberhard,Central Midfield,2002-04-11,"1,73m",right,2023-07-01,2025-06-15,0.3,FC Stade-Lausanne-Ouchy,5499,21
Elies Mahmoud,Right Midfield,2001-02-10,"1,71m",right,2023-07-11,2025-06-30,0.8,FC Stade-Lausanne-Ouchy,5499,23
Ismaël Gharbi,Attacking Midfield,2004-04-10,"1,73m",right,2023-09-01,2024-06-30,7.5,FC Stade-Lausanne-Ouchy,5499,19
Mergim Qarri,Attacking Midfield,1995-06-10,"1,79m",right,2020-08-06,2025-06-15,0.3,FC Stade-Lausanne-Ouchy,5499,28
Liridon Mulaj,Attacking Midfield,1999-01-04,"1,75m",right,2022-08-19,2024-06-30,0.3,FC Stade-Lausanne-Ouchy,5499,25
Alban Ajdini,Right Winger,1999-07-09,"1,80m",right,2021-07-01,2025-06-15,1.5,FC Stade-Lausanne-Ouchy,5499,24
Vitalie Damaşcan,Centre-Forward,1999-01-24,"1,80m",right,2024-01-15,2024-06-30,0.5,FC Stade-Lausanne-Ouchy,5499,25
Gabriel Kyeremateng,Centre-Forward,1999-04-28,"1,83m",right,2024-01-05,2024-06-30,0.4,FC Stade-Lausanne-Ouchy,5499,24
Charles Abi,Centre-Forward,2000-04-12,"1,86m",left,2023-02-06,,0.3,FC Stade-Lausanne-Ouchy,5499,23
Nathan Garcia ,Centre-Forward,1999-11-22,"1,76m",left,2022-07-01,2024-06-30,0.3,FC Stade-Lausanne-Ouchy,5499,24
Marvin Keller,Goalkeeper,2002-07-03,"1,89m",right,2023-09-13,2024-06-30,1.5,FC Winterthur,242,21
Markus Kuster,Goalkeeper,1994-02-22,"1,95m",right,2023-01-01,2025-06-30,0.4,FC Winterthur,242,30
Armin Abaz,Goalkeeper,2002-03-27,"1,87m",right,2022-07-01,2024-06-30,0.1,FC Winterthur,242,22
Basil Stillhart,Centre-Back,1994-03-24,"1,77m",right,2023-07-01,2026-06-30,0.5,FC Winterthur,242,30
Remo Arnold,Centre-Back,1997-01-17,"1,90m",right,2020-01-01,2026-06-30,0.4,FC Winterthur,242,27
Yannick Schmid,Centre-Back,1995-05-11,"1,84m",right,2022-07-27,2026-06-30,0.3,FC Winterthur,242,28
Loïc Lüthi,Centre-Back,2003-09-30,"1,87m",right,2023-07-01,2025-06-30,0.1,FC Winterthur,242,20
Granit Lekaj ,Centre-Back,1990-02-23,"1,86m",right,2018-07-01,2025-06-30,0.1,FC Winterthur,242,34
Souleymane Diaby,Left-Back,1999-10-08,"1,73m",left,2021-07-03,2025-06-30,0.8,FC Winterthur,242,24
Tobias Schättin ,Left-Back,1997-06-05,"1,85m",left,2021-07-01,2025-06-30,0.3,FC Winterthur,242,26
Adrian Gantenbein,Right-Back,2001-04-18,"1,83m",right,2020-08-14,2025-06-30,0.8,FC Winterthur,242,22
Silvan Sidler,Right-Back,1998-07-07,"1,85m",right,2023-07-01,2025-06-30,0.4,FC Winterthur,242,25
Michael Gonçalves,Right-Back,1995-03-10,"1,74m",right,2020-08-26,2024-06-30,0.2,FC Winterthur,242,29
Adrian Durrer,Defensive Midfield,2001-07-13,"1,88m",right,2024-02-14,2024-06-30,0.2,FC Winterthur,242,22
Thibault Corbaz,Defensive Midfield,1994-01-07,"1,80m",right,2021-07-09,2024-06-30,0.1,FC Winterthur,242,30
Alexandre Jankewitz ,Central Midfield,2001-12-25,"1,85m",right,2023-07-01,2024-06-30,1.0,FC Winterthur,242,22
Musa Araz ,Central Midfield,1994-01-17,"1,73m",left,2023-07-17,2025-06-30,0.3,FC Winterthur,242,30
Luca Zuffi ,Central Midfield,1990-03-27,"1,82m",left,2023-07-01,2025-06-30,0.1,FC Winterthur,242,34
Carmine Chiappetta,Left Midfield,2003-03-09,"1,75m",right,2023-07-01,,0.2,FC Winterthur,242,21
Matteo Di Giusto,Attacking Midfield,2000-08-18,"1,68m",right,2022-07-01,2026-06-30,1.5,FC Winterthur,242,23
Randy Schneider,Attacking Midfield,2001-08-27,"1,70m",right,2023-07-01,2026-06-30,0.8,FC Winterthur,242,22
Francisco Rodríguez ,Attacking Midfield,1995-09-14,"1,77m",right,2022-07-01,2024-06-30,0.1,FC Winterthur,242,28
Sayfallah Ltaief,Left Winger,2000-04-22,"1,78m",right,2023-01-01,2024-06-30,1.5,FC Winterthur,242,23
Boubacar Fofana,Left Winger,1998-09-07,"1,82m",left,2024-01-07,2026-06-30,0.8,FC Winterthur,242,25
Nishan Burkart,Left Winger,2000-01-31,"1,74m",right,2023-07-01,2026-06-30,0.8,FC Winterthur,242,24
Antoine Baroan,Centre-Forward,2000-06-24,"1,88m",left,2024-02-02,2027-06-30,1.6,FC Winterthur,242,23
Aldin Turkes,Centre-Forward,1996-04-22,"1,93m",left,2023-07-01,2025-06-30,0.4,FC Winterthur,242,27
Roman Buess ,Centre-Forward,1992-09-21,"1,83m",left,2019-07-01,2024-06-30,0.1,FC Winterthur,242,31
